"Description";"Module code";"Start week";"Start day";"Start date";"Start time";"End day";"End date";"End time";"Duration";"Type";"Staff member(s)";"Location(s)";"Student(s)";"Department";"Size";"Attendance is mandatory for this activity";"Activity reference";"Activity details";"Description";"Draft";"Module description";"Number of students";"Weekly pattern";"This activity takes place on location";"This activity takes place online";"Online session details"
"Welcome back to Stage 2 talk - 0006-UG-Y2";"0006-UG-Y2";"Week 0, Semester 1";"Tue";"2024-09-17";"13:30";"Tue";"2024-09-17";"14:15";"0:45";"Induction Activity";"Attwood, Katrina (Dr), Carr, Rachael (Miss), Dai, Steven Xiaotian (Dr), Gray, Ian (Dr), Howland, Sarah (Mrs), Lashua, Debra (Ms), Nicholson, Mark (Dr), Phillips, Jo (Ms), Pickering, Dominique (Mrs), Praszczak Vel Tracz, Magda (Miss), Race-Mellin, Melanie (Mrs), Sheehan, Tessa (Mrs), Smith, Catherine (Mrs), Taylor, Kate (Miss), Zaychenko, Uliana (Ms)";"RCH/037 Lecture Theatre, Campus East - Ron Cooke Hub";"";"Computer Science";"209";"No";"Welcome back to Stage 2 talk";"";"";"No";"0006-UG-Y2";"";"";"No";"No";""
"Welcome back to Stage 2 refreshments - 0006-UG-Y2";"0006-UG-Y2";"Week 0, Semester 1";"Tue";"2024-09-17";"14:15";"Tue";"2024-09-17";"14:45";"0:30";"Induction Activity";"Attwood, Katrina (Dr), Carr, Rachael (Miss), Dai, Steven Xiaotian (Dr), Gray, Ian (Dr), Howland, Sarah (Mrs), Lashua, Debra (Ms), Nicholson, Mark (Dr), Phillips, Jo (Ms), Pickering, Dominique (Mrs), Praszczak Vel Tracz, Magda (Miss), Race-Mellin, Melanie (Mrs), Sheehan, Tessa (Mrs), Smith, Catherine (Mrs), Taylor, Kate (Miss), Zaychenko, Uliana (Ms)";"CSE/082X Flat Lecture, Campus East - Computer Science Building (Ian Wand Building)";"";"Computer Science";"209";"No";"Welcome back to Stage 2 refreshments";"";"";"No";"0006-UG-Y2";"";"";"No";"No";""
"Fire Safety Training - Online Module UG Stage 2 students - 0006-UG-Y2";"0006-UG-Y2";"Week 0, Semester 1";"Tue";"2024-09-17";"14:45";"Tue";"2024-09-17";"15:45";"1:00";"Induction Activity";"deleted_Selwe, Ona (Mrs), Lashua, Debra (Ms), Phillips, Jo (Ms), Pickering, Dominique (Mrs), Praszczak Vel Tracz, Magda (Miss), Race-Mellin, Melanie (Mrs), Sheehan, Tessa (Mrs), Smith, Catherine (Mrs), Smith, Toshiko (Mrs), Taylor, Kate (Miss)";"CSE/069X Software Lab (UG), Campus East - Computer Science Building (Ian Wand Building), CSE/270 Software Lab (UG), Campus East - Computer Science Building (Ian Wand Building)";"";"Computer Science";"209";"No";"Fire Safety Training - Online Module UG Stage 2 students";"";"";"No";"0006-UG-Y2";"";"";"No";"No";""
"Placement Poster Fair - Stage 2 - 0006-UG-Y2";"0006-UG-Y2";"Week 0, Semester 1";"Fri";"2024-09-20";"13:30";"Fri";"2024-09-20";"14:30";"1:00";"Induction Activity";"Bryant, Luke (Mr), Leaf, Harriet (Mrs)";"CSE/082X Flat Lecture, Campus East - Computer Science Building (Ian Wand Building)";"";"Computer Science";"209";"No";"Placement Poster Fair - Stage 2";"";"";"No";"0006-UG-Y2";"";"";"No";"No";""
"SYS2 Practical (Networks) Group 1 - COM00029I-A";"COM00029I";"Week 1, Semester 1";"Mon";"2024-09-23";"09:30";"Mon";"2024-09-23";"11:30";"2:00";"Practical";"Freeman, Mike (Dr), Soboczenski, Frank (Dr)";"CSE/168X Hardware Lab, Campus East - Computer Science Building (Ian Wand Building)";"";"Computer Science";"62";"No";"SYS2 Practical (Networks) Group 1";"";"";"No";"Systems & Devices 2: Operating Systems, Security, and Networking";"";"";"No";"No";""
"SYS2 Lecture Review (OS) - COM00029I-A";"COM00029I";"Week 1, Semester 1";"Mon";"2024-09-23";"11:30";"Mon";"2024-09-23";"12:30";"1:00";"Lecture";"Yadav, Poonam (Dr)";"RCH/037 Lecture Theatre, Campus East - Ron Cooke Hub";"";"Computer Science";"187";"No";"SYS2 Lecture Review (OS)";"";"";"No";"Systems & Devices 2: Operating Systems, Security, and Networking";"";"";"No";"No";""
"THE3 Lecture 1 - COM00027I-A";"COM00027I";"Week 1, Semester 1";"Mon";"2024-09-23";"15:30";"Mon";"2024-09-23";"16:30";"1:00";"Lecture";"Plump, Detlef (Dr)";"PZA/103 Lecture Theatre, Campus East - Piazza Building";"";"Computer Science";"206";"No";"THE3 Lecture 1";"";"";"No";"Theory 3: Computability, Complexity & Logic";"";"";"No";"No";""
"THE3 Lecture 2 - COM00027I-A";"COM00027I";"Week 1, Semester 1";"Tue";"2024-09-24";"09:30";"Tue";"2024-09-24";"10:30";"1:00";"Lecture";"Plump, Detlef (Dr)";"RCH/037 Lecture Theatre, Campus East - Ron Cooke Hub";"";"Computer Science";"206";"No";"THE3 Lecture 2";"";"";"No";"Theory 3: Computability, Complexity & Logic";"";"";"No";"No";""
"ENG1 Lecture Review - COM00019I-A";"COM00019I";"Week 1, Semester 1";"Tue";"2024-09-24";"10:30";"Tue";"2024-09-24";"11:30";"1:00";"Lecture";"Barmpis, Kostas (Dr), Sujan, Mark (Prof), Yuan, Tommy (Dr)";"RCH/037 Lecture Theatre, Campus East - Ron Cooke Hub";"";"Computer Science";"206";"No";"ENG1 Lecture Review";"";"";"No";"Engineering 1: Software & Systems Engineering";"";"";"No";"No";""
"SYS2 Practical (Networks) Group 2 - COM00029I-A";"COM00029I";"Week 1, Semester 1";"Tue";"2024-09-24";"11:30";"Tue";"2024-09-24";"13:30";"2:00";"Practical";"Freeman, Mike (Dr), Soboczenski, Frank (Dr)";"CSE/168X Hardware Lab, Campus East - Computer Science Building (Ian Wand Building)";"";"Computer Science";"63";"No";"SYS2 Practical (Networks) Group 2";"";"";"No";"Systems & Devices 2: Operating Systems, Security, and Networking";"";"";"No";"No";""
"SYS2 Practical (Networks) Group 3 - COM00029I-A";"COM00029I";"Week 1, Semester 1";"Tue";"2024-09-24";"15:30";"Tue";"2024-09-24";"17:30";"2:00";"Practical";"Freeman, Mike (Dr), Soboczenski, Frank (Dr)";"CSE/168X Hardware Lab, Campus East - Computer Science Building (Ian Wand Building)";"";"Computer Science";"62";"No";"SYS2 Practical (Networks) Group 3";"";"";"No";"Systems & Devices 2: Operating Systems, Security, and Networking";"";"";"No";"No";""
"[Optional] Wellbeing Wednesdays - 0006-UG";"0006-UG";"Week 1, Semester 1";"Wed";"2024-09-25";"11:00";"Wed";"2024-09-25";"12:00";"1:00";"Q&A Session";"Sheehan, Tessa (Mrs), Taylor, Kate (Miss)";"";"";"Computer Science";"923";"No";"[Optional] Wellbeing Wednesdays";"Student support drop-in located in The Pod (CSE/080)";"";"No";"0006-UG";"";"";"No";"No";""
"ENG1 Practical - Cohort 2 - COM00019I-A";"COM00019I";"Week 1, Semester 1";"Thu";"2024-09-26";"09:30";"Thu";"2024-09-26";"11:30";"2:00";"Practical";"Barmpis, Kostas (Dr), Sujan, Mark (Prof), Yuan, Tommy (Dr)";"CSE/270 Software Lab (UG), Campus East - Computer Science Building (Ian Wand Building)";"";"Computer Science";"69";"No";"ENG1 Practical - Cohort 2";"";"";"No";"Engineering 1: Software & Systems Engineering";"";"";"No";"No";""
"THE3 Problem Class Group Seminar 3 - COM00027I-A";"COM00027I";"Week 1, Semester 1";"Thu";"2024-09-26";"12:30";"Thu";"2024-09-26";"13:30";"1:00";"Seminar";"Plump, Detlef (Dr)";"CSE/082X Flat Lecture, Campus East - Computer Science Building (Ian Wand Building)";"";"Computer Science";"52";"No";"THE3 Problem Class Group Seminar 3";"";"";"No";"Theory 3: Computability, Complexity & Logic";"";"";"No";"No";""
"THE3 Problem Class Group Seminar 1 - COM00027I-A";"COM00027I";"Week 1, Semester 1";"Thu";"2024-09-26";"14:30";"Thu";"2024-09-26";"15:30";"1:00";"Seminar";"Plump, Detlef (Dr)";"CSE/082X Flat Lecture, Campus East - Computer Science Building (Ian Wand Building)";"";"Computer Science";"50";"No";"THE3 Problem Class Group Seminar 1";"";"";"No";"Theory 3: Computability, Complexity & Logic";"";"";"No";"No";""
"SYS2 Lecture One (Networks) - COM00029I-A";"COM00029I";"Week 1, Semester 1";"Thu";"2024-09-26";"15:30";"Thu";"2024-09-26";"16:30";"1:00";"Lecture";"Freeman, Mike (Dr), Soboczenski, Frank (Dr)";"PZA/103 Lecture Theatre, Campus East - Piazza Building";"";"Computer Science";"187";"No";"SYS2 Lecture One (Networks)";"";"";"No";"Systems & Devices 2: Operating Systems, Security, and Networking";"";"";"No";"No";""
"ENG1 Practical - Cohort 1 - COM00019I-A";"COM00019I";"Week 1, Semester 1";"Thu";"2024-09-26";"16:30";"Thu";"2024-09-26";"18:30";"2:00";"Practical";"Barmpis, Kostas (Dr), Sujan, Mark (Prof), Yuan, Tommy (Dr)";"CSE/069X Software Lab (UG), Campus East - Computer Science Building (Ian Wand Building)";"";"Computer Science";"69";"No";"ENG1 Practical - Cohort 1";"";"";"No";"Engineering 1: Software & Systems Engineering";"";"";"No";"No";""
"ENG1 Practical - Cohort 3 - COM00019I-A";"COM00019I";"Week 1, Semester 1";"Fri";"2024-09-27";"11:30";"Fri";"2024-09-27";"13:30";"2:00";"Practical";"Barmpis, Kostas (Dr), Sujan, Mark (Prof), Yuan, Tommy (Dr)";"CSE/069X Software Lab (UG), Campus East - Computer Science Building (Ian Wand Building)";"";"Computer Science";"69";"No";"ENG1 Practical - Cohort 3";"";"";"No";"Engineering 1: Software & Systems Engineering";"";"";"No";"No";""
"THE3 Problem Class Group Seminar 4 - COM00027I-A";"COM00027I";"Week 1, Semester 1";"Fri";"2024-09-27";"13:30";"Fri";"2024-09-27";"14:30";"1:00";"Seminar";"Plump, Detlef (Dr)";"LMB/031 Lecture Theatre, Campus East - Law and Sociology Building";"";"Computer Science";"52";"No";"THE3 Problem Class Group Seminar 4";"";"";"No";"Theory 3: Computability, Complexity & Logic";"";"";"No";"No";""
"THE3 Problem Class Group Seminar 2 - COM00027I-A";"COM00027I";"Week 1, Semester 1";"Fri";"2024-09-27";"14:30";"Fri";"2024-09-27";"15:30";"1:00";"Seminar";"Plump, Detlef (Dr)";"CSE/082X Flat Lecture, Campus East - Computer Science Building (Ian Wand Building)";"";"Computer Science";"52";"No";"THE3 Problem Class Group Seminar 2";"";"";"No";"Theory 3: Computability, Complexity & Logic";"";"";"No";"No";""
"SYS2 Practical (Networks) Group 1 - COM00029I-A";"COM00029I";"Week 2, Semester 1";"Mon";"2024-09-30";"09:30";"Mon";"2024-09-30";"11:30";"2:00";"Practical";"Freeman, Mike (Dr), Soboczenski, Frank (Dr)";"CSE/168X Hardware Lab, Campus East - Computer Science Building (Ian Wand Building)";"";"Computer Science";"62";"No";"SYS2 Practical (Networks) Group 1";"";"";"No";"Systems & Devices 2: Operating Systems, Security, and Networking";"";"";"No";"No";""
"SYS2 Lecture Review (OS) - COM00029I-A";"COM00029I";"Week 2, Semester 1";"Mon";"2024-09-30";"11:30";"Mon";"2024-09-30";"12:30";"1:00";"Lecture";"Yadav, Poonam (Dr)";"RCH/037 Lecture Theatre, Campus East - Ron Cooke Hub";"";"Computer Science";"187";"No";"SYS2 Lecture Review (OS)";"";"";"No";"Systems & Devices 2: Operating Systems, Security, and Networking";"";"";"No";"No";""
"ENG1 Group meeting - COM00019I-A";"COM00019I";"Week 2, Semester 1";"Mon";"2024-09-30";"13:30";"Mon";"2024-09-30";"15:30";"2:00";"Cohort Activity";"";"";"";"Computer Science";"206";"No";"ENG1 Group meeting";"";"";"No";"Engineering 1: Software & Systems Engineering";"";"";"No";"No";""
"THE3 Lecture 1 - COM00027I-A";"COM00027I";"Week 2, Semester 1";"Mon";"2024-09-30";"15:30";"Mon";"2024-09-30";"16:30";"1:00";"Lecture";"Plump, Detlef (Dr)";"PZA/103 Lecture Theatre, Campus East - Piazza Building";"";"Computer Science";"206";"No";"THE3 Lecture 1";"";"";"No";"Theory 3: Computability, Complexity & Logic";"";"";"No";"No";""
"THE3 Lecture 2 - COM00027I-A";"COM00027I";"Week 2, Semester 1";"Tue";"2024-10-01";"09:30";"Tue";"2024-10-01";"10:30";"1:00";"Lecture";"Plump, Detlef (Dr)";"RCH/037 Lecture Theatre, Campus East - Ron Cooke Hub";"";"Computer Science";"206";"No";"THE3 Lecture 2";"";"";"No";"Theory 3: Computability, Complexity & Logic";"";"";"No";"No";""
"ENG1 Lecture Review - COM00019I-A";"COM00019I";"Week 2, Semester 1";"Tue";"2024-10-01";"10:30";"Tue";"2024-10-01";"11:30";"1:00";"Lecture";"Barmpis, Kostas (Dr), Sujan, Mark (Prof), Yuan, Tommy (Dr)";"RCH/037 Lecture Theatre, Campus East - Ron Cooke Hub";"";"Computer Science";"206";"No";"ENG1 Lecture Review";"";"";"No";"Engineering 1: Software & Systems Engineering";"";"";"No";"No";""
"SYS2 Practical (OS) Group 1 - COM00029I-A";"COM00029I";"Week 2, Semester 1";"Tue";"2024-10-01";"11:30";"Tue";"2024-10-01";"12:30";"1:00";"Practical";"Yadav, Poonam (Dr)";"CSE/069X Software Lab (UG), Campus East - Computer Science Building (Ian Wand Building)";"";"Computer Science";"62";"No";"SYS2 Practical (OS) Group 1";"";"";"No";"Systems & Devices 2: Operating Systems, Security, and Networking";"";"";"No";"No";""
"SYS2 Practical (Networks) Group 2 - COM00029I-A";"COM00029I";"Week 2, Semester 1";"Tue";"2024-10-01";"11:30";"Tue";"2024-10-01";"13:30";"2:00";"Practical";"Freeman, Mike (Dr), Soboczenski, Frank (Dr)";"CSE/168X Hardware Lab, Campus East - Computer Science Building (Ian Wand Building)";"";"Computer Science";"63";"No";"SYS2 Practical (Networks) Group 2";"";"";"No";"Systems & Devices 2: Operating Systems, Security, and Networking";"";"";"No";"No";""
"SYS2 Practical (OS) Group 3 - COM00029I-A";"COM00029I";"Week 2, Semester 1";"Tue";"2024-10-01";"12:30";"Tue";"2024-10-01";"13:30";"1:00";"Practical";"Yadav, Poonam (Dr)";"CSE/069X Software Lab (UG), Campus East - Computer Science Building (Ian Wand Building)";"";"Computer Science";"62";"No";"SYS2 Practical (OS) Group 3";"";"";"No";"Systems & Devices 2: Operating Systems, Security, and Networking";"";"";"No";"No";""
"SYS2 Practical (OS) Group 2 - COM00029I-A";"COM00029I";"Week 2, Semester 1";"Tue";"2024-10-01";"15:30";"Tue";"2024-10-01";"16:30";"1:00";"Practical";"Yadav, Poonam (Dr)";"CSE/069X Software Lab (UG), Campus East - Computer Science Building (Ian Wand Building)";"";"Computer Science";"63";"No";"SYS2 Practical (OS) Group 2";"";"";"No";"Systems & Devices 2: Operating Systems, Security, and Networking";"";"";"No";"No";""
"SYS2 Practical (Networks) Group 3 - COM00029I-A";"COM00029I";"Week 2, Semester 1";"Tue";"2024-10-01";"15:30";"Tue";"2024-10-01";"17:30";"2:00";"Practical";"Freeman, Mike (Dr), Soboczenski, Frank (Dr)";"CSE/168X Hardware Lab, Campus East - Computer Science Building (Ian Wand Building)";"";"Computer Science";"62";"No";"SYS2 Practical (Networks) Group 3";"";"";"No";"Systems & Devices 2: Operating Systems, Security, and Networking";"";"";"No";"No";""
"[Optional] Wellbeing Wednesdays - 0006-UG";"0006-UG";"Week 2, Semester 1";"Wed";"2024-10-02";"11:00";"Wed";"2024-10-02";"12:00";"1:00";"Q&A Session";"Sheehan, Tessa (Mrs), Taylor, Kate (Miss)";"";"";"Computer Science";"923";"No";"[Optional] Wellbeing Wednesdays";"Student support drop-in located in The Pod (CSE/080)";"";"No";"0006-UG";"";"";"No";"No";""
"THE3 Lecture 3 - COM00027I-A";"COM00027I";"Week 2, Semester 1";"Wed";"2024-10-02";"12:30";"Wed";"2024-10-02";"13:30";"1:00";"Lecture";"Plump, Detlef (Dr)";"RCH/037 Lecture Theatre, Campus East - Ron Cooke Hub";"";"Computer Science";"206";"No";"THE3 Lecture 3";"";"";"No";"Theory 3: Computability, Complexity & Logic";"";"";"No";"No";""
"ENG1 Practical - Cohort 2 - COM00019I-A";"COM00019I";"Week 2, Semester 1";"Thu";"2024-10-03";"09:30";"Thu";"2024-10-03";"11:30";"2:00";"Practical";"Barmpis, Kostas (Dr), Sujan, Mark (Prof), Yuan, Tommy (Dr)";"CSE/270 Software Lab (UG), Campus East - Computer Science Building (Ian Wand Building)";"";"Computer Science";"69";"No";"ENG1 Practical - Cohort 2";"";"";"No";"Engineering 1: Software & Systems Engineering";"";"";"No";"No";""
"THE3 Problem Class Group Seminar 3 - COM00027I-A";"COM00027I";"Week 2, Semester 1";"Thu";"2024-10-03";"12:30";"Thu";"2024-10-03";"13:30";"1:00";"Seminar";"Plump, Detlef (Dr)";"CSE/082X Flat Lecture, Campus East - Computer Science Building (Ian Wand Building)";"";"Computer Science";"52";"No";"THE3 Problem Class Group Seminar 3";"";"";"No";"Theory 3: Computability, Complexity & Logic";"";"";"No";"No";""
"THE3 Problem Class Group Seminar 1 - COM00027I-A";"COM00027I";"Week 2, Semester 1";"Thu";"2024-10-03";"14:30";"Thu";"2024-10-03";"15:30";"1:00";"Seminar";"Plump, Detlef (Dr)";"CSE/082X Flat Lecture, Campus East - Computer Science Building (Ian Wand Building)";"";"Computer Science";"50";"No";"THE3 Problem Class Group Seminar 1";"";"";"No";"Theory 3: Computability, Complexity & Logic";"";"";"No";"No";""
"SYS2 Lecture One (Networks) - COM00029I-A";"COM00029I";"Week 2, Semester 1";"Thu";"2024-10-03";"15:30";"Thu";"2024-10-03";"16:30";"1:00";"Lecture";"Freeman, Mike (Dr), Soboczenski, Frank (Dr)";"PZA/103 Lecture Theatre, Campus East - Piazza Building";"";"Computer Science";"187";"No";"SYS2 Lecture One (Networks)";"";"";"No";"Systems & Devices 2: Operating Systems, Security, and Networking";"";"";"No";"No";""
"ENG1 Practical - Cohort 1 - COM00019I-A";"COM00019I";"Week 2, Semester 1";"Thu";"2024-10-03";"16:30";"Thu";"2024-10-03";"18:30";"2:00";"Practical";"Barmpis, Kostas (Dr), Sujan, Mark (Prof), Yuan, Tommy (Dr)";"CSE/069X Software Lab (UG), Campus East - Computer Science Building (Ian Wand Building)";"";"Computer Science";"69";"No";"ENG1 Practical - Cohort 1";"";"";"No";"Engineering 1: Software & Systems Engineering";"";"";"No";"No";""
"ENG1 Practical - Cohort 3 - COM00019I-A";"COM00019I";"Week 2, Semester 1";"Fri";"2024-10-04";"11:30";"Fri";"2024-10-04";"13:30";"2:00";"Practical";"Barmpis, Kostas (Dr), Sujan, Mark (Prof), Yuan, Tommy (Dr)";"CSE/069X Software Lab (UG), Campus East - Computer Science Building (Ian Wand Building)";"";"Computer Science";"69";"No";"ENG1 Practical - Cohort 3";"";"";"No";"Engineering 1: Software & Systems Engineering";"";"";"No";"No";""
"THE3 Problem Class Group Seminar 4 - COM00027I-A";"COM00027I";"Week 2, Semester 1";"Fri";"2024-10-04";"13:30";"Fri";"2024-10-04";"14:30";"1:00";"Seminar";"Plump, Detlef (Dr)";"LMB/031 Lecture Theatre, Campus East - Law and Sociology Building";"";"Computer Science";"52";"No";"THE3 Problem Class Group Seminar 4";"";"";"No";"Theory 3: Computability, Complexity & Logic";"";"";"No";"No";""
"THE3 Problem Class Group Seminar 2 - COM00027I-A";"COM00027I";"Week 2, Semester 1";"Fri";"2024-10-04";"14:30";"Fri";"2024-10-04";"15:30";"1:00";"Seminar";"Plump, Detlef (Dr)";"CSE/082X Flat Lecture, Campus East - Computer Science Building (Ian Wand Building)";"";"Computer Science";"52";"No";"THE3 Problem Class Group Seminar 2";"";"";"No";"Theory 3: Computability, Complexity & Logic";"";"";"No";"No";""
"SYS2 Practical (Networks) Group 1 - COM00029I-A";"COM00029I";"Week 3, Semester 1";"Mon";"2024-10-07";"09:30";"Mon";"2024-10-07";"11:30";"2:00";"Practical";"Freeman, Mike (Dr), Soboczenski, Frank (Dr)";"CSE/168X Hardware Lab, Campus East - Computer Science Building (Ian Wand Building)";"";"Computer Science";"62";"No";"SYS2 Practical (Networks) Group 1";"";"";"No";"Systems & Devices 2: Operating Systems, Security, and Networking";"";"";"No";"No";""
"SYS2 Lecture Review (OS) - COM00029I-A";"COM00029I";"Week 3, Semester 1";"Mon";"2024-10-07";"11:30";"Mon";"2024-10-07";"12:30";"1:00";"Lecture";"Yadav, Poonam (Dr)";"RCH/037 Lecture Theatre, Campus East - Ron Cooke Hub";"";"Computer Science";"187";"No";"SYS2 Lecture Review (OS)";"";"";"No";"Systems & Devices 2: Operating Systems, Security, and Networking";"";"";"No";"No";""
"ENG1 Group meeting - COM00019I-A";"COM00019I";"Week 3, Semester 1";"Mon";"2024-10-07";"13:30";"Mon";"2024-10-07";"15:30";"2:00";"Cohort Activity";"";"";"";"Computer Science";"206";"No";"ENG1 Group meeting";"";"";"No";"Engineering 1: Software & Systems Engineering";"";"";"No";"No";""
"THE3 Lecture 1 - COM00027I-A";"COM00027I";"Week 3, Semester 1";"Mon";"2024-10-07";"15:30";"Mon";"2024-10-07";"16:30";"1:00";"Lecture";"Plump, Detlef (Dr)";"PZA/103 Lecture Theatre, Campus East - Piazza Building";"";"Computer Science";"206";"No";"THE3 Lecture 1";"";"";"No";"Theory 3: Computability, Complexity & Logic";"";"";"No";"No";""
"THE3 Lecture 2 - COM00027I-A";"COM00027I";"Week 3, Semester 1";"Tue";"2024-10-08";"09:30";"Tue";"2024-10-08";"10:30";"1:00";"Lecture";"Plump, Detlef (Dr)";"RCH/037 Lecture Theatre, Campus East - Ron Cooke Hub";"";"Computer Science";"206";"No";"THE3 Lecture 2";"";"";"No";"Theory 3: Computability, Complexity & Logic";"";"";"No";"No";""
"ENG1 Lecture Review - COM00019I-A";"COM00019I";"Week 3, Semester 1";"Tue";"2024-10-08";"10:30";"Tue";"2024-10-08";"11:30";"1:00";"Lecture";"Barmpis, Kostas (Dr), Sujan, Mark (Prof), Yuan, Tommy (Dr)";"RCH/037 Lecture Theatre, Campus East - Ron Cooke Hub";"";"Computer Science";"206";"No";"ENG1 Lecture Review";"";"";"No";"Engineering 1: Software & Systems Engineering";"";"";"No";"No";""
"SYS2 Practical (OS) Group 1 - COM00029I-A";"COM00029I";"Week 3, Semester 1";"Tue";"2024-10-08";"11:30";"Tue";"2024-10-08";"12:30";"1:00";"Practical";"Yadav, Poonam (Dr)";"CSE/069X Software Lab (UG), Campus East - Computer Science Building (Ian Wand Building)";"";"Computer Science";"62";"No";"SYS2 Practical (OS) Group 1";"";"";"No";"Systems & Devices 2: Operating Systems, Security, and Networking";"";"";"No";"No";""
"SYS2 Practical (Networks) Group 2 - COM00029I-A";"COM00029I";"Week 3, Semester 1";"Tue";"2024-10-08";"11:30";"Tue";"2024-10-08";"13:30";"2:00";"Practical";"Freeman, Mike (Dr), Soboczenski, Frank (Dr)";"CSE/168X Hardware Lab, Campus East - Computer Science Building (Ian Wand Building)";"";"Computer Science";"63";"No";"SYS2 Practical (Networks) Group 2";"";"";"No";"Systems & Devices 2: Operating Systems, Security, and Networking";"";"";"No";"No";""
"SYS2 Practical (OS) Group 3 - COM00029I-A";"COM00029I";"Week 3, Semester 1";"Tue";"2024-10-08";"12:30";"Tue";"2024-10-08";"13:30";"1:00";"Practical";"Yadav, Poonam (Dr)";"CSE/069X Software Lab (UG), Campus East - Computer Science Building (Ian Wand Building)";"";"Computer Science";"62";"No";"SYS2 Practical (OS) Group 3";"";"";"No";"Systems & Devices 2: Operating Systems, Security, and Networking";"";"";"No";"No";""
"SYS2 Practical (OS) Group 2 - COM00029I-A";"COM00029I";"Week 3, Semester 1";"Tue";"2024-10-08";"15:30";"Tue";"2024-10-08";"16:30";"1:00";"Practical";"Yadav, Poonam (Dr)";"CSE/069X Software Lab (UG), Campus East - Computer Science Building (Ian Wand Building)";"";"Computer Science";"63";"No";"SYS2 Practical (OS) Group 2";"";"";"No";"Systems & Devices 2: Operating Systems, Security, and Networking";"";"";"No";"No";""
"SYS2 Practical (Networks) Group 3 - COM00029I-A";"COM00029I";"Week 3, Semester 1";"Tue";"2024-10-08";"15:30";"Tue";"2024-10-08";"17:30";"2:00";"Practical";"Freeman, Mike (Dr), Soboczenski, Frank (Dr)";"CSE/168X Hardware Lab, Campus East - Computer Science Building (Ian Wand Building)";"";"Computer Science";"62";"No";"SYS2 Practical (Networks) Group 3";"";"";"No";"Systems & Devices 2: Operating Systems, Security, and Networking";"";"";"No";"No";""
"[Optional] Wellbeing Wednesdays - 0006-UG";"0006-UG";"Week 3, Semester 1";"Wed";"2024-10-09";"11:00";"Wed";"2024-10-09";"12:00";"1:00";"Q&A Session";"Sheehan, Tessa (Mrs), Taylor, Kate (Miss)";"";"";"Computer Science";"923";"No";"[Optional] Wellbeing Wednesdays";"Student support drop-in located in The Pod (CSE/080)";"";"No";"0006-UG";"";"";"No";"No";""
"ENG1 Practical - Cohort 2 - COM00019I-A";"COM00019I";"Week 3, Semester 1";"Thu";"2024-10-10";"09:30";"Thu";"2024-10-10";"11:30";"2:00";"Practical";"Barmpis, Kostas (Dr), Sujan, Mark (Prof), Yuan, Tommy (Dr)";"CSE/270 Software Lab (UG), Campus East - Computer Science Building (Ian Wand Building)";"";"Computer Science";"69";"No";"ENG1 Practical - Cohort 2";"";"";"No";"Engineering 1: Software & Systems Engineering";"";"";"No";"No";""
"THE3 Problem Class Group Seminar 3 - COM00027I-A";"COM00027I";"Week 3, Semester 1";"Thu";"2024-10-10";"12:30";"Thu";"2024-10-10";"13:30";"1:00";"Seminar";"Plump, Detlef (Dr)";"CSE/082X Flat Lecture, Campus East - Computer Science Building (Ian Wand Building)";"";"Computer Science";"52";"No";"THE3 Problem Class Group Seminar 3";"";"";"No";"Theory 3: Computability, Complexity & Logic";"";"";"No";"No";""
"THE3 Problem Class Group Seminar 1 - COM00027I-A";"COM00027I";"Week 3, Semester 1";"Thu";"2024-10-10";"14:30";"Thu";"2024-10-10";"15:30";"1:00";"Seminar";"Plump, Detlef (Dr)";"CSE/082X Flat Lecture, Campus East - Computer Science Building (Ian Wand Building)";"";"Computer Science";"50";"No";"THE3 Problem Class Group Seminar 1";"";"";"No";"Theory 3: Computability, Complexity & Logic";"";"";"No";"No";""
"SYS2 Lecture One (Networks) - COM00029I-A";"COM00029I";"Week 3, Semester 1";"Thu";"2024-10-10";"15:30";"Thu";"2024-10-10";"16:30";"1:00";"Lecture";"Freeman, Mike (Dr), Soboczenski, Frank (Dr)";"PZA/103 Lecture Theatre, Campus East - Piazza Building";"";"Computer Science";"187";"No";"SYS2 Lecture One (Networks)";"";"";"No";"Systems & Devices 2: Operating Systems, Security, and Networking";"";"";"No";"No";""
"ENG1 Practical - Cohort 1 - COM00019I-A";"COM00019I";"Week 3, Semester 1";"Thu";"2024-10-10";"16:30";"Thu";"2024-10-10";"18:30";"2:00";"Practical";"Barmpis, Kostas (Dr), Sujan, Mark (Prof), Yuan, Tommy (Dr)";"CSE/069X Software Lab (UG), Campus East - Computer Science Building (Ian Wand Building)";"";"Computer Science";"69";"No";"ENG1 Practical - Cohort 1";"";"";"No";"Engineering 1: Software & Systems Engineering";"";"";"No";"No";""
"ENG1 Practical - Cohort 3 - COM00019I-A";"COM00019I";"Week 3, Semester 1";"Fri";"2024-10-11";"11:30";"Fri";"2024-10-11";"13:30";"2:00";"Practical";"Barmpis, Kostas (Dr), Sujan, Mark (Prof), Yuan, Tommy (Dr)";"CSE/069X Software Lab (UG), Campus East - Computer Science Building (Ian Wand Building)";"";"Computer Science";"69";"No";"ENG1 Practical - Cohort 3";"";"";"No";"Engineering 1: Software & Systems Engineering";"";"";"No";"No";""
"THE3 Problem Class Group Seminar 4 - COM00027I-A";"COM00027I";"Week 3, Semester 1";"Fri";"2024-10-11";"13:30";"Fri";"2024-10-11";"14:30";"1:00";"Seminar";"Plump, Detlef (Dr)";"LMB/031 Lecture Theatre, Campus East - Law and Sociology Building";"";"Computer Science";"52";"No";"THE3 Problem Class Group Seminar 4";"";"";"No";"Theory 3: Computability, Complexity & Logic";"";"";"No";"No";""
"THE3 Problem Class Group Seminar 2 - COM00027I-A";"COM00027I";"Week 3, Semester 1";"Fri";"2024-10-11";"14:30";"Fri";"2024-10-11";"15:30";"1:00";"Seminar";"Plump, Detlef (Dr)";"CSE/082X Flat Lecture, Campus East - Computer Science Building (Ian Wand Building)";"";"Computer Science";"52";"No";"THE3 Problem Class Group Seminar 2";"";"";"No";"Theory 3: Computability, Complexity & Logic";"";"";"No";"No";""
"SYS2 Practical (Networks) Group 1 - COM00029I-A";"COM00029I";"Week 4, Semester 1";"Mon";"2024-10-14";"09:30";"Mon";"2024-10-14";"11:30";"2:00";"Practical";"Freeman, Mike (Dr), Soboczenski, Frank (Dr)";"CSE/168X Hardware Lab, Campus East - Computer Science Building (Ian Wand Building)";"";"Computer Science";"62";"No";"SYS2 Practical (Networks) Group 1";"";"";"No";"Systems & Devices 2: Operating Systems, Security, and Networking";"";"";"No";"No";""
"SYS2 Lecture Review (OS) - COM00029I-A";"COM00029I";"Week 4, Semester 1";"Mon";"2024-10-14";"11:30";"Mon";"2024-10-14";"12:30";"1:00";"Lecture";"Yadav, Poonam (Dr)";"RCH/037 Lecture Theatre, Campus East - Ron Cooke Hub";"";"Computer Science";"187";"No";"SYS2 Lecture Review (OS)";"";"";"No";"Systems & Devices 2: Operating Systems, Security, and Networking";"";"";"No";"No";""
"ENG1 Group meeting - COM00019I-A";"COM00019I";"Week 4, Semester 1";"Mon";"2024-10-14";"13:30";"Mon";"2024-10-14";"15:30";"2:00";"Cohort Activity";"";"";"";"Computer Science";"206";"No";"ENG1 Group meeting";"";"";"No";"Engineering 1: Software & Systems Engineering";"";"";"No";"No";""
"THE3 Lecture 1 - COM00027I-A";"COM00027I";"Week 4, Semester 1";"Mon";"2024-10-14";"15:30";"Mon";"2024-10-14";"16:30";"1:00";"Lecture";"Plump, Detlef (Dr)";"PZA/103 Lecture Theatre, Campus East - Piazza Building";"";"Computer Science";"206";"No";"THE3 Lecture 1";"";"";"No";"Theory 3: Computability, Complexity & Logic";"";"";"No";"No";""
"THE3 Lecture 2 - COM00027I-A";"COM00027I";"Week 4, Semester 1";"Tue";"2024-10-15";"09:30";"Tue";"2024-10-15";"10:30";"1:00";"Lecture";"Plump, Detlef (Dr)";"RCH/037 Lecture Theatre, Campus East - Ron Cooke Hub";"";"Computer Science";"206";"No";"THE3 Lecture 2";"";"";"No";"Theory 3: Computability, Complexity & Logic";"";"";"No";"No";""
"ENG1 Lecture Review - COM00019I-A";"COM00019I";"Week 4, Semester 1";"Tue";"2024-10-15";"10:30";"Tue";"2024-10-15";"11:30";"1:00";"Lecture";"Barmpis, Kostas (Dr), Sujan, Mark (Prof), Yuan, Tommy (Dr)";"RCH/037 Lecture Theatre, Campus East - Ron Cooke Hub";"";"Computer Science";"206";"No";"ENG1 Lecture Review";"";"";"No";"Engineering 1: Software & Systems Engineering";"";"";"No";"No";""
"SYS2 Practical (OS) Group 1 - COM00029I-A";"COM00029I";"Week 4, Semester 1";"Tue";"2024-10-15";"11:30";"Tue";"2024-10-15";"12:30";"1:00";"Practical";"Yadav, Poonam (Dr)";"CSE/069X Software Lab (UG), Campus East - Computer Science Building (Ian Wand Building)";"";"Computer Science";"62";"No";"SYS2 Practical (OS) Group 1";"";"";"No";"Systems & Devices 2: Operating Systems, Security, and Networking";"";"";"No";"No";""
"SYS2 Practical (Networks) Group 2 - COM00029I-A";"COM00029I";"Week 4, Semester 1";"Tue";"2024-10-15";"11:30";"Tue";"2024-10-15";"13:30";"2:00";"Practical";"Freeman, Mike (Dr), Soboczenski, Frank (Dr)";"CSE/168X Hardware Lab, Campus East - Computer Science Building (Ian Wand Building)";"";"Computer Science";"63";"No";"SYS2 Practical (Networks) Group 2";"";"";"No";"Systems & Devices 2: Operating Systems, Security, and Networking";"";"";"No";"No";""
"SYS2 Practical (OS) Group 3 - COM00029I-A";"COM00029I";"Week 4, Semester 1";"Tue";"2024-10-15";"12:30";"Tue";"2024-10-15";"13:30";"1:00";"Practical";"Yadav, Poonam (Dr)";"CSE/069X Software Lab (UG), Campus East - Computer Science Building (Ian Wand Building)";"";"Computer Science";"62";"No";"SYS2 Practical (OS) Group 3";"";"";"No";"Systems & Devices 2: Operating Systems, Security, and Networking";"";"";"No";"No";""
"SYS2 Practical (OS) Group 2 - COM00029I-A";"COM00029I";"Week 4, Semester 1";"Tue";"2024-10-15";"15:30";"Tue";"2024-10-15";"16:30";"1:00";"Practical";"Yadav, Poonam (Dr)";"CSE/069X Software Lab (UG), Campus East - Computer Science Building (Ian Wand Building)";"";"Computer Science";"63";"No";"SYS2 Practical (OS) Group 2";"";"";"No";"Systems & Devices 2: Operating Systems, Security, and Networking";"";"";"No";"No";""
"SYS2 Practical (Networks) Group 3 - COM00029I-A";"COM00029I";"Week 4, Semester 1";"Tue";"2024-10-15";"15:30";"Tue";"2024-10-15";"17:30";"2:00";"Practical";"Freeman, Mike (Dr), Soboczenski, Frank (Dr)";"CSE/168X Hardware Lab, Campus East - Computer Science Building (Ian Wand Building)";"";"Computer Science";"62";"No";"SYS2 Practical (Networks) Group 3";"";"";"No";"Systems & Devices 2: Operating Systems, Security, and Networking";"";"";"No";"No";""
"[Optional] Wellbeing Wednesdays - 0006-UG";"0006-UG";"Week 4, Semester 1";"Wed";"2024-10-16";"11:00";"Wed";"2024-10-16";"12:00";"1:00";"Q&A Session";"Sheehan, Tessa (Mrs), Taylor, Kate (Miss)";"";"";"Computer Science";"923";"No";"[Optional] Wellbeing Wednesdays";"Student support drop-in located in The Pod (CSE/080)";"";"No";"0006-UG";"";"";"No";"No";""
"THE3 Lecture 3 - COM00027I-A";"COM00027I";"Week 4, Semester 1";"Wed";"2024-10-16";"12:30";"Wed";"2024-10-16";"13:30";"1:00";"Lecture";"Plump, Detlef (Dr)";"RCH/037 Lecture Theatre, Campus East - Ron Cooke Hub";"";"Computer Science";"206";"No";"THE3 Lecture 3";"";"";"No";"Theory 3: Computability, Complexity & Logic";"";"";"No";"No";""
"ENG1 Practical - Cohort 2 - COM00019I-A";"COM00019I";"Week 4, Semester 1";"Thu";"2024-10-17";"09:30";"Thu";"2024-10-17";"11:30";"2:00";"Practical";"Barmpis, Kostas (Dr), Sujan, Mark (Prof), Yuan, Tommy (Dr)";"CSE/270 Software Lab (UG), Campus East - Computer Science Building (Ian Wand Building)";"";"Computer Science";"69";"No";"ENG1 Practical - Cohort 2";"";"";"No";"Engineering 1: Software & Systems Engineering";"";"";"No";"No";""
"THE3 Problem Class Group Seminar 3 - COM00027I-A";"COM00027I";"Week 4, Semester 1";"Thu";"2024-10-17";"12:30";"Thu";"2024-10-17";"13:30";"1:00";"Seminar";"Plump, Detlef (Dr)";"CSE/082X Flat Lecture, Campus East - Computer Science Building (Ian Wand Building)";"";"Computer Science";"52";"No";"THE3 Problem Class Group Seminar 3";"";"";"No";"Theory 3: Computability, Complexity & Logic";"";"";"No";"No";""
"THE3 Problem Class Group Seminar 1 - COM00027I-A";"COM00027I";"Week 4, Semester 1";"Thu";"2024-10-17";"14:30";"Thu";"2024-10-17";"15:30";"1:00";"Seminar";"Plump, Detlef (Dr)";"CSE/082X Flat Lecture, Campus East - Computer Science Building (Ian Wand Building)";"";"Computer Science";"50";"No";"THE3 Problem Class Group Seminar 1";"";"";"No";"Theory 3: Computability, Complexity & Logic";"";"";"No";"No";""
"SYS2 Lecture One (Networks) - COM00029I-A";"COM00029I";"Week 4, Semester 1";"Thu";"2024-10-17";"15:30";"Thu";"2024-10-17";"16:30";"1:00";"Lecture";"Freeman, Mike (Dr), Soboczenski, Frank (Dr)";"PZA/103 Lecture Theatre, Campus East - Piazza Building";"";"Computer Science";"187";"No";"SYS2 Lecture One (Networks)";"";"";"No";"Systems & Devices 2: Operating Systems, Security, and Networking";"";"";"No";"No";""
"ENG1 Practical - Cohort 1 - COM00019I-A";"COM00019I";"Week 4, Semester 1";"Thu";"2024-10-17";"16:30";"Thu";"2024-10-17";"18:30";"2:00";"Practical";"Barmpis, Kostas (Dr), Sujan, Mark (Prof), Yuan, Tommy (Dr)";"CSE/069X Software Lab (UG), Campus East - Computer Science Building (Ian Wand Building)";"";"Computer Science";"69";"No";"ENG1 Practical - Cohort 1";"";"";"No";"Engineering 1: Software & Systems Engineering";"";"";"No";"No";""
"ENG1 Practical - Cohort 3 - COM00019I-A";"COM00019I";"Week 4, Semester 1";"Fri";"2024-10-18";"11:30";"Fri";"2024-10-18";"13:30";"2:00";"Practical";"Barmpis, Kostas (Dr), Sujan, Mark (Prof), Yuan, Tommy (Dr)";"CSE/069X Software Lab (UG), Campus East - Computer Science Building (Ian Wand Building)";"";"Computer Science";"69";"No";"ENG1 Practical - Cohort 3";"";"";"No";"Engineering 1: Software & Systems Engineering";"";"";"No";"No";""
"THE3 Problem Class Group Seminar 4 - COM00027I-A";"COM00027I";"Week 4, Semester 1";"Fri";"2024-10-18";"13:30";"Fri";"2024-10-18";"14:30";"1:00";"Seminar";"Plump, Detlef (Dr)";"LMB/031 Lecture Theatre, Campus East - Law and Sociology Building";"";"Computer Science";"52";"No";"THE3 Problem Class Group Seminar 4";"";"";"No";"Theory 3: Computability, Complexity & Logic";"";"";"No";"No";""
"THE3 Problem Class Group Seminar 2 - COM00027I-A";"COM00027I";"Week 4, Semester 1";"Fri";"2024-10-18";"14:30";"Fri";"2024-10-18";"15:30";"1:00";"Seminar";"Plump, Detlef (Dr)";"CSE/082X Flat Lecture, Campus East - Computer Science Building (Ian Wand Building)";"";"Computer Science";"52";"No";"THE3 Problem Class Group Seminar 2";"";"";"No";"Theory 3: Computability, Complexity & Logic";"";"";"No";"No";""
"SYS2 Practical (Networks) Group 1 - COM00029I-A";"COM00029I";"Week 5, Semester 1";"Mon";"2024-10-21";"09:30";"Mon";"2024-10-21";"11:30";"2:00";"Practical";"Freeman, Mike (Dr), Soboczenski, Frank (Dr)";"CSE/168X Hardware Lab, Campus East - Computer Science Building (Ian Wand Building)";"";"Computer Science";"62";"No";"SYS2 Practical (Networks) Group 1";"";"";"No";"Systems & Devices 2: Operating Systems, Security, and Networking";"";"";"No";"No";""
"SYS2 Lecture Review (OS) - COM00029I-A";"COM00029I";"Week 5, Semester 1";"Mon";"2024-10-21";"11:30";"Mon";"2024-10-21";"12:30";"1:00";"Lecture";"Yadav, Poonam (Dr)";"RCH/037 Lecture Theatre, Campus East - Ron Cooke Hub";"";"Computer Science";"187";"No";"SYS2 Lecture Review (OS)";"";"";"No";"Systems & Devices 2: Operating Systems, Security, and Networking";"";"";"No";"No";""
"ENG1 Group meeting - COM00019I-A";"COM00019I";"Week 5, Semester 1";"Mon";"2024-10-21";"13:30";"Mon";"2024-10-21";"15:30";"2:00";"Cohort Activity";"";"";"";"Computer Science";"206";"No";"ENG1 Group meeting";"";"";"No";"Engineering 1: Software & Systems Engineering";"";"";"No";"No";""
"THE3 Lecture 1 - COM00027I-A";"COM00027I";"Week 5, Semester 1";"Mon";"2024-10-21";"15:30";"Mon";"2024-10-21";"16:30";"1:00";"Lecture";"Plump, Detlef (Dr)";"PZA/103 Lecture Theatre, Campus East - Piazza Building";"";"Computer Science";"206";"No";"THE3 Lecture 1";"";"";"No";"Theory 3: Computability, Complexity & Logic";"";"";"No";"No";""
"THE3 Lecture 2 - COM00027I-A";"COM00027I";"Week 5, Semester 1";"Tue";"2024-10-22";"09:30";"Tue";"2024-10-22";"10:30";"1:00";"Lecture";"Plump, Detlef (Dr)";"RCH/037 Lecture Theatre, Campus East - Ron Cooke Hub";"";"Computer Science";"206";"No";"THE3 Lecture 2";"";"";"No";"Theory 3: Computability, Complexity & Logic";"";"";"No";"No";""
"ENG1 Lecture Review - COM00019I-A";"COM00019I";"Week 5, Semester 1";"Tue";"2024-10-22";"10:30";"Tue";"2024-10-22";"11:30";"1:00";"Lecture";"Barmpis, Kostas (Dr), Sujan, Mark (Prof), Yuan, Tommy (Dr)";"RCH/037 Lecture Theatre, Campus East - Ron Cooke Hub";"";"Computer Science";"206";"No";"ENG1 Lecture Review";"";"";"No";"Engineering 1: Software & Systems Engineering";"";"";"No";"No";""
"SYS2 Practical (OS) Group 1 - COM00029I-A";"COM00029I";"Week 5, Semester 1";"Tue";"2024-10-22";"11:30";"Tue";"2024-10-22";"12:30";"1:00";"Practical";"Yadav, Poonam (Dr)";"CSE/069X Software Lab (UG), Campus East - Computer Science Building (Ian Wand Building)";"";"Computer Science";"62";"No";"SYS2 Practical (OS) Group 1";"";"";"No";"Systems & Devices 2: Operating Systems, Security, and Networking";"";"";"No";"No";""
"SYS2 Practical (Networks) Group 2 - COM00029I-A";"COM00029I";"Week 5, Semester 1";"Tue";"2024-10-22";"11:30";"Tue";"2024-10-22";"13:30";"2:00";"Practical";"Freeman, Mike (Dr), Soboczenski, Frank (Dr)";"CSE/168X Hardware Lab, Campus East - Computer Science Building (Ian Wand Building)";"";"Computer Science";"63";"No";"SYS2 Practical (Networks) Group 2";"";"";"No";"Systems & Devices 2: Operating Systems, Security, and Networking";"";"";"No";"No";""
"SYS2 Practical (OS) Group 3 - COM00029I-A";"COM00029I";"Week 5, Semester 1";"Tue";"2024-10-22";"12:30";"Tue";"2024-10-22";"13:30";"1:00";"Practical";"Yadav, Poonam (Dr)";"CSE/069X Software Lab (UG), Campus East - Computer Science Building (Ian Wand Building)";"";"Computer Science";"62";"No";"SYS2 Practical (OS) Group 3";"";"";"No";"Systems & Devices 2: Operating Systems, Security, and Networking";"";"";"No";"No";""
"SYS2 Practical (OS) Group 2 - COM00029I-A";"COM00029I";"Week 5, Semester 1";"Tue";"2024-10-22";"15:30";"Tue";"2024-10-22";"16:30";"1:00";"Practical";"Yadav, Poonam (Dr)";"CSE/069X Software Lab (UG), Campus East - Computer Science Building (Ian Wand Building)";"";"Computer Science";"63";"No";"SYS2 Practical (OS) Group 2";"";"";"No";"Systems & Devices 2: Operating Systems, Security, and Networking";"";"";"No";"No";""
"SYS2 Practical (Networks) Group 3 - COM00029I-A";"COM00029I";"Week 5, Semester 1";"Tue";"2024-10-22";"15:30";"Tue";"2024-10-22";"17:30";"2:00";"Practical";"Freeman, Mike (Dr), Soboczenski, Frank (Dr)";"CSE/168X Hardware Lab, Campus East - Computer Science Building (Ian Wand Building)";"";"Computer Science";"62";"No";"SYS2 Practical (Networks) Group 3";"";"";"No";"Systems & Devices 2: Operating Systems, Security, and Networking";"";"";"No";"No";""
"[Optional] Wellbeing Wednesdays - 0006-UG";"0006-UG";"Week 5, Semester 1";"Wed";"2024-10-23";"11:00";"Wed";"2024-10-23";"12:00";"1:00";"Q&A Session";"Sheehan, Tessa (Mrs), Taylor, Kate (Miss)";"";"";"Computer Science";"923";"No";"[Optional] Wellbeing Wednesdays";"Student support drop-in located in The Pod (CSE/080)";"";"No";"0006-UG";"";"";"No";"No";""
"ENG1 Practical - Cohort 2 - COM00019I-A";"COM00019I";"Week 5, Semester 1";"Thu";"2024-10-24";"09:30";"Thu";"2024-10-24";"11:30";"2:00";"Practical";"Barmpis, Kostas (Dr), Sujan, Mark (Prof), Yuan, Tommy (Dr)";"CSE/270 Software Lab (UG), Campus East - Computer Science Building (Ian Wand Building)";"";"Computer Science";"69";"No";"ENG1 Practical - Cohort 2";"";"";"No";"Engineering 1: Software & Systems Engineering";"";"";"No";"No";""
"THE3 Problem Class Group Seminar 3 - COM00027I-A";"COM00027I";"Week 5, Semester 1";"Thu";"2024-10-24";"12:30";"Thu";"2024-10-24";"13:30";"1:00";"Seminar";"Plump, Detlef (Dr)";"CSE/082X Flat Lecture, Campus East - Computer Science Building (Ian Wand Building)";"";"Computer Science";"52";"No";"THE3 Problem Class Group Seminar 3";"";"";"No";"Theory 3: Computability, Complexity & Logic";"";"";"No";"No";""
"THE3 Problem Class Group Seminar 1 - COM00027I-A";"COM00027I";"Week 5, Semester 1";"Thu";"2024-10-24";"14:30";"Thu";"2024-10-24";"15:30";"1:00";"Seminar";"Plump, Detlef (Dr)";"CSE/082X Flat Lecture, Campus East - Computer Science Building (Ian Wand Building)";"";"Computer Science";"50";"No";"THE3 Problem Class Group Seminar 1";"";"";"No";"Theory 3: Computability, Complexity & Logic";"";"";"No";"No";""
"SYS2 Lecture One (Networks) - COM00029I-A";"COM00029I";"Week 5, Semester 1";"Thu";"2024-10-24";"15:30";"Thu";"2024-10-24";"16:30";"1:00";"Lecture";"Freeman, Mike (Dr), Soboczenski, Frank (Dr)";"PZA/103 Lecture Theatre, Campus East - Piazza Building";"";"Computer Science";"187";"No";"SYS2 Lecture One (Networks)";"";"";"No";"Systems & Devices 2: Operating Systems, Security, and Networking";"";"";"No";"No";""
"ENG1 Practical - Cohort 1 - COM00019I-A";"COM00019I";"Week 5, Semester 1";"Thu";"2024-10-24";"16:30";"Thu";"2024-10-24";"18:30";"2:00";"Practical";"Barmpis, Kostas (Dr), Sujan, Mark (Prof), Yuan, Tommy (Dr)";"CSE/069X Software Lab (UG), Campus East - Computer Science Building (Ian Wand Building)";"";"Computer Science";"69";"No";"ENG1 Practical - Cohort 1";"";"";"No";"Engineering 1: Software & Systems Engineering";"";"";"No";"No";""
"ENG1 Practical - Cohort 3 - COM00019I-A";"COM00019I";"Week 5, Semester 1";"Fri";"2024-10-25";"11:30";"Fri";"2024-10-25";"13:30";"2:00";"Practical";"Barmpis, Kostas (Dr), Sujan, Mark (Prof), Yuan, Tommy (Dr)";"CSE/069X Software Lab (UG), Campus East - Computer Science Building (Ian Wand Building)";"";"Computer Science";"69";"No";"ENG1 Practical - Cohort 3";"";"";"No";"Engineering 1: Software & Systems Engineering";"";"";"No";"No";""
"THE3 Problem Class Group Seminar 4 - COM00027I-A";"COM00027I";"Week 5, Semester 1";"Fri";"2024-10-25";"13:30";"Fri";"2024-10-25";"14:30";"1:00";"Seminar";"Plump, Detlef (Dr)";"LMB/031 Lecture Theatre, Campus East - Law and Sociology Building";"";"Computer Science";"52";"No";"THE3 Problem Class Group Seminar 4";"";"";"No";"Theory 3: Computability, Complexity & Logic";"";"";"No";"No";""
"THE3 Problem Class Group Seminar 2 - COM00027I-A";"COM00027I";"Week 5, Semester 1";"Fri";"2024-10-25";"14:30";"Fri";"2024-10-25";"15:30";"1:00";"Seminar";"Plump, Detlef (Dr)";"CSE/082X Flat Lecture, Campus East - Computer Science Building (Ian Wand Building)";"";"Computer Science";"52";"No";"THE3 Problem Class Group Seminar 2";"";"";"No";"Theory 3: Computability, Complexity & Logic";"";"";"No";"No";""
"SYS2 Practical (Networks) Group 1 - COM00029I-A";"COM00029I";"Week 6, Semester 1";"Mon";"2024-11-04";"09:30";"Mon";"2024-11-04";"11:30";"2:00";"Practical";"Freeman, Mike (Dr), Soboczenski, Frank (Dr)";"CSE/168X Hardware Lab, Campus East - Computer Science Building (Ian Wand Building)";"";"Computer Science";"62";"No";"SYS2 Practical (Networks) Group 1";"";"";"No";"Systems & Devices 2: Operating Systems, Security, and Networking";"";"";"No";"No";""
"SYS2 Lecture Review (OS) - COM00029I-A";"COM00029I";"Week 6, Semester 1";"Mon";"2024-11-04";"11:30";"Mon";"2024-11-04";"12:30";"1:00";"Lecture";"Yadav, Poonam (Dr)";"RCH/037 Lecture Theatre, Campus East - Ron Cooke Hub";"";"Computer Science";"187";"No";"SYS2 Lecture Review (OS)";"";"";"No";"Systems & Devices 2: Operating Systems, Security, and Networking";"";"";"No";"No";""
"ENG1 Group meeting - COM00019I-A";"COM00019I";"Week 6, Semester 1";"Mon";"2024-11-04";"13:30";"Mon";"2024-11-04";"15:30";"2:00";"Cohort Activity";"";"";"";"Computer Science";"206";"No";"ENG1 Group meeting";"";"";"No";"Engineering 1: Software & Systems Engineering";"";"";"No";"No";""
"THE3 Lecture 1 - COM00027I-A";"COM00027I";"Week 6, Semester 1";"Mon";"2024-11-04";"15:30";"Mon";"2024-11-04";"16:30";"1:00";"Lecture";"Plump, Detlef (Dr)";"PZA/103 Lecture Theatre, Campus East - Piazza Building";"";"Computer Science";"206";"No";"THE3 Lecture 1";"";"";"No";"Theory 3: Computability, Complexity & Logic";"";"";"No";"No";""
"THE3 Lecture 2 - COM00027I-A";"COM00027I";"Week 6, Semester 1";"Tue";"2024-11-05";"09:30";"Tue";"2024-11-05";"10:30";"1:00";"Lecture";"Plump, Detlef (Dr)";"RCH/037 Lecture Theatre, Campus East - Ron Cooke Hub";"";"Computer Science";"206";"No";"THE3 Lecture 2";"";"";"No";"Theory 3: Computability, Complexity & Logic";"";"";"No";"No";""
"ENG1 Lecture Review - COM00019I-A";"COM00019I";"Week 6, Semester 1";"Tue";"2024-11-05";"10:30";"Tue";"2024-11-05";"11:30";"1:00";"Lecture";"Barmpis, Kostas (Dr), Sujan, Mark (Prof), Yuan, Tommy (Dr)";"RCH/037 Lecture Theatre, Campus East - Ron Cooke Hub";"";"Computer Science";"206";"No";"ENG1 Lecture Review";"";"";"No";"Engineering 1: Software & Systems Engineering";"";"";"No";"No";""
"SYS2 Practical (OS) Group 1 - COM00029I-A";"COM00029I";"Week 6, Semester 1";"Tue";"2024-11-05";"11:30";"Tue";"2024-11-05";"12:30";"1:00";"Practical";"Yadav, Poonam (Dr)";"CSE/069X Software Lab (UG), Campus East - Computer Science Building (Ian Wand Building)";"";"Computer Science";"62";"No";"SYS2 Practical (OS) Group 1";"";"";"No";"Systems & Devices 2: Operating Systems, Security, and Networking";"";"";"No";"No";""
"SYS2 Practical (Networks) Group 2 - COM00029I-A";"COM00029I";"Week 6, Semester 1";"Tue";"2024-11-05";"11:30";"Tue";"2024-11-05";"13:30";"2:00";"Practical";"Freeman, Mike (Dr), Soboczenski, Frank (Dr)";"CSE/168X Hardware Lab, Campus East - Computer Science Building (Ian Wand Building)";"";"Computer Science";"63";"No";"SYS2 Practical (Networks) Group 2";"";"";"No";"Systems & Devices 2: Operating Systems, Security, and Networking";"";"";"No";"No";""
"SYS2 Practical (OS) Group 3 - COM00029I-A";"COM00029I";"Week 6, Semester 1";"Tue";"2024-11-05";"12:30";"Tue";"2024-11-05";"13:30";"1:00";"Practical";"Yadav, Poonam (Dr)";"CSE/069X Software Lab (UG), Campus East - Computer Science Building (Ian Wand Building)";"";"Computer Science";"62";"No";"SYS2 Practical (OS) Group 3";"";"";"No";"Systems & Devices 2: Operating Systems, Security, and Networking";"";"";"No";"No";""
"SYS2 Practical (OS) Group 2 - COM00029I-A";"COM00029I";"Week 6, Semester 1";"Tue";"2024-11-05";"15:30";"Tue";"2024-11-05";"16:30";"1:00";"Practical";"Yadav, Poonam (Dr)";"CSE/069X Software Lab (UG), Campus East - Computer Science Building (Ian Wand Building)";"";"Computer Science";"63";"No";"SYS2 Practical (OS) Group 2";"";"";"No";"Systems & Devices 2: Operating Systems, Security, and Networking";"";"";"No";"No";""
"SYS2 Practical (Networks) Group 3 - COM00029I-A";"COM00029I";"Week 6, Semester 1";"Tue";"2024-11-05";"15:30";"Tue";"2024-11-05";"17:30";"2:00";"Practical";"Freeman, Mike (Dr), Soboczenski, Frank (Dr)";"CSE/168X Hardware Lab, Campus East - Computer Science Building (Ian Wand Building)";"";"Computer Science";"62";"No";"SYS2 Practical (Networks) Group 3";"";"";"No";"Systems & Devices 2: Operating Systems, Security, and Networking";"";"";"No";"No";""
"THE3 Problem Class Group Seminar 2 (week 6 only) - COM00027I-A";"COM00027I";"Week 6, Semester 1";"Wed";"2024-11-06";"10:30";"Wed";"2024-11-06";"11:30";"1:00";"Seminar";"Plump, Detlef (Dr)";"CSE/082X Flat Lecture, Campus East - Computer Science Building (Ian Wand Building)";"";"Computer Science";"52";"No";"THE3 Problem Class Group Seminar 2 (week 6 only)";"PLEASE NOTE THE DIFFERENT DATE AND TIME FOR THIS SESSION ONLY";"";"No";"Theory 3: Computability, Complexity & Logic";"";"";"No";"No";""
"[Optional] Wellbeing Wednesdays - 0006-UG";"0006-UG";"Week 6, Semester 1";"Wed";"2024-11-06";"11:00";"Wed";"2024-11-06";"12:00";"1:00";"Q&A Session";"Sheehan, Tessa (Mrs), Taylor, Kate (Miss)";"";"";"Computer Science";"923";"No";"[Optional] Wellbeing Wednesdays";"Student support drop-in located in The Pod (CSE/080)";"";"No";"0006-UG";"";"";"No";"No";""
"THE3 Problem Class Group Seminar 4 (week 6 only) - COM00027I-A";"COM00027I";"Week 6, Semester 1";"Wed";"2024-11-06";"11:30";"Wed";"2024-11-06";"12:30";"1:00";"Seminar";"Plump, Detlef (Dr)";"CSE/082X Flat Lecture, Campus East - Computer Science Building (Ian Wand Building)";"";"Computer Science";"52";"No";"THE3 Problem Class Group Seminar 4 (week 6 only)";"PLEASE NOTE THE DIFFERENT DATE AND TIME FOR THIS SESSION ONLY";"";"No";"Theory 3: Computability, Complexity & Logic";"";"";"No";"No";""
"ENG1 Practical - Cohort 2 - COM00019I-A";"COM00019I";"Week 6, Semester 1";"Thu";"2024-11-07";"09:30";"Thu";"2024-11-07";"11:30";"2:00";"Practical";"Barmpis, Kostas (Dr), Sujan, Mark (Prof), Yuan, Tommy (Dr)";"CSE/270 Software Lab (UG), Campus East - Computer Science Building (Ian Wand Building)";"";"Computer Science";"69";"No";"ENG1 Practical - Cohort 2";"";"";"No";"Engineering 1: Software & Systems Engineering";"";"";"No";"No";""
"THE3 Problem Class Group Seminar 3 - COM00027I-A";"COM00027I";"Week 6, Semester 1";"Thu";"2024-11-07";"12:30";"Thu";"2024-11-07";"13:30";"1:00";"Seminar";"Plump, Detlef (Dr)";"CSE/082X Flat Lecture, Campus East - Computer Science Building (Ian Wand Building)";"";"Computer Science";"52";"No";"THE3 Problem Class Group Seminar 3";"";"";"No";"Theory 3: Computability, Complexity & Logic";"";"";"No";"No";""
"THE3 Problem Class Group Seminar 1 - COM00027I-A";"COM00027I";"Week 6, Semester 1";"Thu";"2024-11-07";"14:30";"Thu";"2024-11-07";"15:30";"1:00";"Seminar";"Plump, Detlef (Dr)";"CSE/082X Flat Lecture, Campus East - Computer Science Building (Ian Wand Building)";"";"Computer Science";"50";"No";"THE3 Problem Class Group Seminar 1";"";"";"No";"Theory 3: Computability, Complexity & Logic";"";"";"No";"No";""
"SYS2 Lecture One (Networks) - COM00029I-A";"COM00029I";"Week 6, Semester 1";"Thu";"2024-11-07";"15:30";"Thu";"2024-11-07";"16:30";"1:00";"Lecture";"Freeman, Mike (Dr), Soboczenski, Frank (Dr)";"PZA/103 Lecture Theatre, Campus East - Piazza Building";"";"Computer Science";"187";"No";"SYS2 Lecture One (Networks)";"";"";"No";"Systems & Devices 2: Operating Systems, Security, and Networking";"";"";"No";"No";""
"ENG1 Practical - Cohort 1 - COM00019I-A";"COM00019I";"Week 6, Semester 1";"Thu";"2024-11-07";"16:30";"Thu";"2024-11-07";"18:30";"2:00";"Practical";"Barmpis, Kostas (Dr), Sujan, Mark (Prof), Yuan, Tommy (Dr)";"CSE/069X Software Lab (UG), Campus East - Computer Science Building (Ian Wand Building)";"";"Computer Science";"69";"No";"ENG1 Practical - Cohort 1";"";"";"No";"Engineering 1: Software & Systems Engineering";"";"";"No";"No";""
"ENG1 Practical - Cohort 3 - COM00019I-A";"COM00019I";"Week 6, Semester 1";"Fri";"2024-11-08";"11:30";"Fri";"2024-11-08";"13:30";"2:00";"Practical";"Barmpis, Kostas (Dr), Sujan, Mark (Prof), Yuan, Tommy (Dr)";"CSE/069X Software Lab (UG), Campus East - Computer Science Building (Ian Wand Building)";"";"Computer Science";"69";"No";"ENG1 Practical - Cohort 3";"";"";"No";"Engineering 1: Software & Systems Engineering";"";"";"No";"No";""
"THE3 Formative Test One Group 4 - COM00027I-A";"COM00027I";"Week 6, Semester 1";"Fri";"2024-11-08";"13:30";"Fri";"2024-11-08";"14:30";"1:00";"Assessment";"Plump, Detlef (Dr)";"LMB/031 Lecture Theatre, Campus East - Law and Sociology Building";"";"Computer Science";"52";"No";"THE3 Formative Test One Group 4";"";"";"No";"Theory 3: Computability, Complexity & Logic";"";"";"No";"No";""
"THE3 Formative Test One Group 1 - COM00027I-A";"COM00027I";"Week 6, Semester 1";"Fri";"2024-11-08";"14:30";"Fri";"2024-11-08";"15:30";"1:00";"Assessment";"Plump, Detlef (Dr)";"CSE/082X Flat Lecture, Campus East - Computer Science Building (Ian Wand Building)";"";"Computer Science";"50";"No";"THE3 Formative Test One Group 1";"";"";"No";"Theory 3: Computability, Complexity & Logic";"";"";"No";"No";""
"THE3 Formative Test One Group 2 - COM00027I-A";"COM00027I";"Week 6, Semester 1";"Fri";"2024-11-08";"15:30";"Fri";"2024-11-08";"16:30";"1:00";"Assessment";"Plump, Detlef (Dr)";"LMB/031 Lecture Theatre, Campus East - Law and Sociology Building";"";"Computer Science";"52";"No";"THE3 Formative Test One Group 2";"";"";"No";"Theory 3: Computability, Complexity & Logic";"";"";"No";"No";""
"THE3 Formative Test One Group 3 - COM00027I-A";"COM00027I";"Week 6, Semester 1";"Fri";"2024-11-08";"16:30";"Fri";"2024-11-08";"17:30";"1:00";"Assessment";"Plump, Detlef (Dr)";"LMB/031 Lecture Theatre, Campus East - Law and Sociology Building";"";"Computer Science";"52";"No";"THE3 Formative Test One Group 3";"";"";"No";"Theory 3: Computability, Complexity & Logic";"";"";"No";"No";""
"SYS2 Practical (Networks) Group 1 - COM00029I-A";"COM00029I";"Week 7, Semester 1";"Mon";"2024-11-11";"09:30";"Mon";"2024-11-11";"11:30";"2:00";"Practical";"Freeman, Mike (Dr), Soboczenski, Frank (Dr)";"CSE/168X Hardware Lab, Campus East - Computer Science Building (Ian Wand Building)";"";"Computer Science";"62";"No";"SYS2 Practical (Networks) Group 1";"";"";"No";"Systems & Devices 2: Operating Systems, Security, and Networking";"";"";"No";"No";""
"SYS2 Lecture Review (OS) - COM00029I-A";"COM00029I";"Week 7, Semester 1";"Mon";"2024-11-11";"11:30";"Mon";"2024-11-11";"12:30";"1:00";"Lecture";"Yadav, Poonam (Dr)";"RCH/037 Lecture Theatre, Campus East - Ron Cooke Hub";"";"Computer Science";"187";"No";"SYS2 Lecture Review (OS)";"";"";"No";"Systems & Devices 2: Operating Systems, Security, and Networking";"";"";"No";"No";""
"ENG1 Group meeting - COM00019I-A";"COM00019I";"Week 7, Semester 1";"Mon";"2024-11-11";"13:30";"Mon";"2024-11-11";"15:30";"2:00";"Cohort Activity";"";"";"";"Computer Science";"206";"No";"ENG1 Group meeting";"";"";"No";"Engineering 1: Software & Systems Engineering";"";"";"No";"No";""
"THE3 Lecture 1 - COM00027I-A";"COM00027I";"Week 7, Semester 1";"Mon";"2024-11-11";"15:30";"Mon";"2024-11-11";"16:30";"1:00";"Lecture";"Foster, Simon (Dr)";"PZA/103 Lecture Theatre, Campus East - Piazza Building";"";"Computer Science";"206";"No";"THE3 Lecture 1";"";"";"No";"Theory 3: Computability, Complexity & Logic";"";"";"No";"No";""
"THE3 Lecture 2 - COM00027I-A";"COM00027I";"Week 7, Semester 1";"Tue";"2024-11-12";"09:30";"Tue";"2024-11-12";"10:30";"1:00";"Lecture";"Foster, Simon (Dr)";"RCH/037 Lecture Theatre, Campus East - Ron Cooke Hub";"";"Computer Science";"206";"No";"THE3 Lecture 2";"";"";"No";"Theory 3: Computability, Complexity & Logic";"";"";"No";"No";""
"ENG1 Lecture Review - COM00019I-A";"COM00019I";"Week 7, Semester 1";"Tue";"2024-11-12";"10:30";"Tue";"2024-11-12";"11:30";"1:00";"Lecture";"Barmpis, Kostas (Dr), Sujan, Mark (Prof), Yuan, Tommy (Dr)";"RCH/037 Lecture Theatre, Campus East - Ron Cooke Hub";"";"Computer Science";"206";"No";"ENG1 Lecture Review";"";"";"No";"Engineering 1: Software & Systems Engineering";"";"";"No";"No";""
"SYS2 Practical (OS) Group 1 - COM00029I-A";"COM00029I";"Week 7, Semester 1";"Tue";"2024-11-12";"11:30";"Tue";"2024-11-12";"12:30";"1:00";"Practical";"Yadav, Poonam (Dr)";"CSE/069X Software Lab (UG), Campus East - Computer Science Building (Ian Wand Building)";"";"Computer Science";"62";"No";"SYS2 Practical (OS) Group 1";"";"";"No";"Systems & Devices 2: Operating Systems, Security, and Networking";"";"";"No";"No";""
"SYS2 Practical (Networks) Group 2 - COM00029I-A";"COM00029I";"Week 7, Semester 1";"Tue";"2024-11-12";"11:30";"Tue";"2024-11-12";"13:30";"2:00";"Practical";"Freeman, Mike (Dr), Soboczenski, Frank (Dr)";"CSE/168X Hardware Lab, Campus East - Computer Science Building (Ian Wand Building)";"";"Computer Science";"63";"No";"SYS2 Practical (Networks) Group 2";"";"";"No";"Systems & Devices 2: Operating Systems, Security, and Networking";"";"";"No";"No";""
"SYS2 Practical (OS) Group 3 - COM00029I-A";"COM00029I";"Week 7, Semester 1";"Tue";"2024-11-12";"12:30";"Tue";"2024-11-12";"13:30";"1:00";"Practical";"Yadav, Poonam (Dr)";"CSE/069X Software Lab (UG), Campus East - Computer Science Building (Ian Wand Building)";"";"Computer Science";"62";"No";"SYS2 Practical (OS) Group 3";"";"";"No";"Systems & Devices 2: Operating Systems, Security, and Networking";"";"";"No";"No";""
"THE3 Problem Class Group Seminar 4 - COM00027I-A";"COM00027I";"Week 7, Semester 1";"Tue";"2024-11-12";"14:30";"Tue";"2024-11-12";"15:30";"1:00";"Seminar";"Foster, Simon (Dr)";"CSE/082X Flat Lecture, Campus East - Computer Science Building (Ian Wand Building)";"";"Computer Science";"52";"No";"THE3 Problem Class Group Seminar 4";"";"";"No";"Theory 3: Computability, Complexity & Logic";"";"";"No";"No";""
"THE3 Problem Class Group Seminar 1 - COM00027I-A";"COM00027I";"Week 7, Semester 1";"Tue";"2024-11-12";"15:30";"Tue";"2024-11-12";"16:30";"1:00";"Seminar";"Foster, Simon (Dr)";"CSE/082X Flat Lecture, Campus East - Computer Science Building (Ian Wand Building)";"";"Computer Science";"50";"No";"THE3 Problem Class Group Seminar 1";"";"";"No";"Theory 3: Computability, Complexity & Logic";"";"";"No";"No";""
"SYS2 Practical (OS) Group 2 - COM00029I-A";"COM00029I";"Week 7, Semester 1";"Tue";"2024-11-12";"15:30";"Tue";"2024-11-12";"16:30";"1:00";"Practical";"Yadav, Poonam (Dr)";"CSE/069X Software Lab (UG), Campus East - Computer Science Building (Ian Wand Building)";"";"Computer Science";"63";"No";"SYS2 Practical (OS) Group 2";"";"";"No";"Systems & Devices 2: Operating Systems, Security, and Networking";"";"";"No";"No";""
"SYS2 Practical (Networks) Group 3 - COM00029I-A";"COM00029I";"Week 7, Semester 1";"Tue";"2024-11-12";"15:30";"Tue";"2024-11-12";"17:30";"2:00";"Practical";"Freeman, Mike (Dr), Soboczenski, Frank (Dr)";"CSE/168X Hardware Lab, Campus East - Computer Science Building (Ian Wand Building)";"";"Computer Science";"62";"No";"SYS2 Practical (Networks) Group 3";"";"";"No";"Systems & Devices 2: Operating Systems, Security, and Networking";"";"";"No";"No";""
"[Optional] Wellbeing Wednesdays - 0006-UG";"0006-UG";"Week 7, Semester 1";"Wed";"2024-11-13";"11:00";"Wed";"2024-11-13";"12:00";"1:00";"Q&A Session";"Sheehan, Tessa (Mrs), Taylor, Kate (Miss)";"";"";"Computer Science";"923";"No";"[Optional] Wellbeing Wednesdays";"Student support drop-in located in The Pod (CSE/080)";"";"No";"0006-UG";"";"";"No";"No";""
"ENG1 Practical - Cohort 2 - COM00019I-A";"COM00019I";"Week 7, Semester 1";"Thu";"2024-11-14";"09:30";"Thu";"2024-11-14";"11:30";"2:00";"Practical";"Barmpis, Kostas (Dr), Sujan, Mark (Prof), Yuan, Tommy (Dr)";"CSE/270 Software Lab (UG), Campus East - Computer Science Building (Ian Wand Building)";"";"Computer Science";"69";"No";"ENG1 Practical - Cohort 2";"";"";"No";"Engineering 1: Software & Systems Engineering";"";"";"No";"No";""
"THE3 Practical Group 1 - COM00027I-A";"COM00027I";"Week 7, Semester 1";"Thu";"2024-11-14";"10:30";"Thu";"2024-11-14";"11:30";"1:00";"Practical";"Foster, Simon (Dr)";"CSE/069X Software Lab (UG), Campus East - Computer Science Building (Ian Wand Building)";"";"Computer Science";"50";"No";"THE3 Practical Group 1";"";"";"No";"Theory 3: Computability, Complexity & Logic";"";"";"No";"No";""
"THE3 Practical Group 4 - COM00027I-A";"COM00027I";"Week 7, Semester 1";"Thu";"2024-11-14";"11:30";"Thu";"2024-11-14";"12:30";"1:00";"Practical";"Foster, Simon (Dr)";"CSE/069X Software Lab (UG), Campus East - Computer Science Building (Ian Wand Building)";"";"Computer Science";"52";"No";"THE3 Practical Group 4";"";"";"No";"Theory 3: Computability, Complexity & Logic";"";"";"No";"No";""
"THE3 Problem Class Group Seminar 3 - COM00027I-A";"COM00027I";"Week 7, Semester 1";"Thu";"2024-11-14";"12:30";"Thu";"2024-11-14";"13:30";"1:00";"Seminar";"Foster, Simon (Dr)";"CSE/082X Flat Lecture, Campus East - Computer Science Building (Ian Wand Building)";"";"Computer Science";"52";"No";"THE3 Problem Class Group Seminar 3";"";"";"No";"Theory 3: Computability, Complexity & Logic";"";"";"No";"No";""
"SYS2 Lecture One (Networks) - COM00029I-A";"COM00029I";"Week 7, Semester 1";"Thu";"2024-11-14";"15:30";"Thu";"2024-11-14";"16:30";"1:00";"Lecture";"Freeman, Mike (Dr), Soboczenski, Frank (Dr)";"PZA/103 Lecture Theatre, Campus East - Piazza Building";"";"Computer Science";"187";"No";"SYS2 Lecture One (Networks)";"";"";"No";"Systems & Devices 2: Operating Systems, Security, and Networking";"";"";"No";"No";""
"ENG1 Practical - Cohort 1 - COM00019I-A";"COM00019I";"Week 7, Semester 1";"Thu";"2024-11-14";"16:30";"Thu";"2024-11-14";"18:30";"2:00";"Practical";"Barmpis, Kostas (Dr), Sujan, Mark (Prof), Yuan, Tommy (Dr)";"CSE/069X Software Lab (UG), Campus East - Computer Science Building (Ian Wand Building)";"";"Computer Science";"69";"No";"ENG1 Practical - Cohort 1";"";"";"No";"Engineering 1: Software & Systems Engineering";"";"";"No";"No";""
"THE3 Practical Group 3 - COM00027I-A";"COM00027I";"Week 7, Semester 1";"Fri";"2024-11-15";"09:30";"Fri";"2024-11-15";"10:30";"1:00";"Practical";"Foster, Simon (Dr)";"CSE/069X Software Lab (UG), Campus East - Computer Science Building (Ian Wand Building)";"";"Computer Science";"52";"No";"THE3 Practical Group 3";"";"";"No";"Theory 3: Computability, Complexity & Logic";"";"";"No";"No";""
"ENG1 Practical - Cohort 3 - COM00019I-A";"COM00019I";"Week 7, Semester 1";"Fri";"2024-11-15";"11:30";"Fri";"2024-11-15";"13:30";"2:00";"Practical";"Barmpis, Kostas (Dr), Sujan, Mark (Prof), Yuan, Tommy (Dr)";"CSE/069X Software Lab (UG), Campus East - Computer Science Building (Ian Wand Building)";"";"Computer Science";"69";"No";"ENG1 Practical - Cohort 3";"";"";"No";"Engineering 1: Software & Systems Engineering";"";"";"No";"No";""
"THE3 Problem Class Group Seminar 2 - COM00027I-A";"COM00027I";"Week 7, Semester 1";"Fri";"2024-11-15";"14:30";"Fri";"2024-11-15";"15:30";"1:00";"Seminar";"Foster, Simon (Dr)";"CSE/082X Flat Lecture, Campus East - Computer Science Building (Ian Wand Building)";"";"Computer Science";"52";"No";"THE3 Problem Class Group Seminar 2";"";"";"No";"Theory 3: Computability, Complexity & Logic";"";"";"No";"No";""
"THE3 Practical Group 2 - COM00027I-A";"COM00027I";"Week 7, Semester 1";"Fri";"2024-11-15";"15:30";"Fri";"2024-11-15";"16:30";"1:00";"Practical";"Foster, Simon (Dr)";"CSE/069X Software Lab (UG), Campus East - Computer Science Building (Ian Wand Building)";"";"Computer Science";"52";"No";"THE3 Practical Group 2";"";"";"No";"Theory 3: Computability, Complexity & Logic";"";"";"No";"No";""
"SYS2 Practical (Networks) Group 1 - COM00029I-A";"COM00029I";"Week 8, Semester 1";"Mon";"2024-11-18";"09:30";"Mon";"2024-11-18";"11:30";"2:00";"Practical";"Freeman, Mike (Dr), Soboczenski, Frank (Dr)";"CSE/168X Hardware Lab, Campus East - Computer Science Building (Ian Wand Building)";"";"Computer Science";"62";"No";"SYS2 Practical (Networks) Group 1";"";"";"No";"Systems & Devices 2: Operating Systems, Security, and Networking";"";"";"No";"No";""
"SYS2 Lecture Review (OS) - COM00029I-A";"COM00029I";"Week 8, Semester 1";"Mon";"2024-11-18";"11:30";"Mon";"2024-11-18";"12:30";"1:00";"Lecture";"Yadav, Poonam (Dr)";"RCH/037 Lecture Theatre, Campus East - Ron Cooke Hub";"";"Computer Science";"187";"No";"SYS2 Lecture Review (OS)";"";"";"No";"Systems & Devices 2: Operating Systems, Security, and Networking";"";"";"No";"No";""
"ENG1 Group meeting - COM00019I-A";"COM00019I";"Week 8, Semester 1";"Mon";"2024-11-18";"13:30";"Mon";"2024-11-18";"15:30";"2:00";"Cohort Activity";"";"";"";"Computer Science";"206";"No";"ENG1 Group meeting";"";"";"No";"Engineering 1: Software & Systems Engineering";"";"";"No";"No";""
"THE3 Lecture 1 - COM00027I-A";"COM00027I";"Week 8, Semester 1";"Mon";"2024-11-18";"15:30";"Mon";"2024-11-18";"16:30";"1:00";"Lecture";"Foster, Simon (Dr)";"PZA/103 Lecture Theatre, Campus East - Piazza Building";"";"Computer Science";"206";"No";"THE3 Lecture 1";"";"";"No";"Theory 3: Computability, Complexity & Logic";"";"";"No";"No";""
"THE3 Lecture 2 - COM00027I-A";"COM00027I";"Week 8, Semester 1";"Tue";"2024-11-19";"09:30";"Tue";"2024-11-19";"10:30";"1:00";"Lecture";"Foster, Simon (Dr)";"RCH/037 Lecture Theatre, Campus East - Ron Cooke Hub";"";"Computer Science";"206";"No";"THE3 Lecture 2";"";"";"No";"Theory 3: Computability, Complexity & Logic";"";"";"No";"No";""
"ENG1 Lecture Review - COM00019I-A";"COM00019I";"Week 8, Semester 1";"Tue";"2024-11-19";"10:30";"Tue";"2024-11-19";"11:30";"1:00";"Lecture";"Barmpis, Kostas (Dr), Sujan, Mark (Prof), Yuan, Tommy (Dr)";"RCH/037 Lecture Theatre, Campus East - Ron Cooke Hub";"";"Computer Science";"206";"No";"ENG1 Lecture Review";"";"";"No";"Engineering 1: Software & Systems Engineering";"";"";"No";"No";""
"SYS2 Practical (OS) Group 1 - COM00029I-A";"COM00029I";"Week 8, Semester 1";"Tue";"2024-11-19";"11:30";"Tue";"2024-11-19";"12:30";"1:00";"Practical";"Yadav, Poonam (Dr)";"CSE/069X Software Lab (UG), Campus East - Computer Science Building (Ian Wand Building)";"";"Computer Science";"62";"No";"SYS2 Practical (OS) Group 1";"";"";"No";"Systems & Devices 2: Operating Systems, Security, and Networking";"";"";"No";"No";""
"SYS2 Practical (Networks) Group 2 - COM00029I-A";"COM00029I";"Week 8, Semester 1";"Tue";"2024-11-19";"11:30";"Tue";"2024-11-19";"13:30";"2:00";"Practical";"Freeman, Mike (Dr), Soboczenski, Frank (Dr)";"CSE/168X Hardware Lab, Campus East - Computer Science Building (Ian Wand Building)";"";"Computer Science";"63";"No";"SYS2 Practical (Networks) Group 2";"";"";"No";"Systems & Devices 2: Operating Systems, Security, and Networking";"";"";"No";"No";""
"SYS2 Practical (OS) Group 3 - COM00029I-A";"COM00029I";"Week 8, Semester 1";"Tue";"2024-11-19";"12:30";"Tue";"2024-11-19";"13:30";"1:00";"Practical";"Yadav, Poonam (Dr)";"CSE/069X Software Lab (UG), Campus East - Computer Science Building (Ian Wand Building)";"";"Computer Science";"62";"No";"SYS2 Practical (OS) Group 3";"";"";"No";"Systems & Devices 2: Operating Systems, Security, and Networking";"";"";"No";"No";""
"THE3 Problem Class Group Seminar 4 - COM00027I-A";"COM00027I";"Week 8, Semester 1";"Tue";"2024-11-19";"14:30";"Tue";"2024-11-19";"15:30";"1:00";"Seminar";"Foster, Simon (Dr)";"CSE/082X Flat Lecture, Campus East - Computer Science Building (Ian Wand Building)";"";"Computer Science";"52";"No";"THE3 Problem Class Group Seminar 4";"";"";"No";"Theory 3: Computability, Complexity & Logic";"";"";"No";"No";""
"THE3 Problem Class Group Seminar 1 - COM00027I-A";"COM00027I";"Week 8, Semester 1";"Tue";"2024-11-19";"15:30";"Tue";"2024-11-19";"16:30";"1:00";"Seminar";"Foster, Simon (Dr)";"CSE/082X Flat Lecture, Campus East - Computer Science Building (Ian Wand Building)";"";"Computer Science";"50";"No";"THE3 Problem Class Group Seminar 1";"";"";"No";"Theory 3: Computability, Complexity & Logic";"";"";"No";"No";""
"SYS2 Practical (OS) Group 2 - COM00029I-A";"COM00029I";"Week 8, Semester 1";"Tue";"2024-11-19";"15:30";"Tue";"2024-11-19";"16:30";"1:00";"Practical";"Yadav, Poonam (Dr)";"CSE/069X Software Lab (UG), Campus East - Computer Science Building (Ian Wand Building)";"";"Computer Science";"63";"No";"SYS2 Practical (OS) Group 2";"";"";"No";"Systems & Devices 2: Operating Systems, Security, and Networking";"";"";"No";"No";""
"SYS2 Practical (Networks) Group 3 - COM00029I-A";"COM00029I";"Week 8, Semester 1";"Tue";"2024-11-19";"15:30";"Tue";"2024-11-19";"17:30";"2:00";"Practical";"Freeman, Mike (Dr), Soboczenski, Frank (Dr)";"CSE/168X Hardware Lab, Campus East - Computer Science Building (Ian Wand Building)";"";"Computer Science";"62";"No";"SYS2 Practical (Networks) Group 3";"";"";"No";"Systems & Devices 2: Operating Systems, Security, and Networking";"";"";"No";"No";""
"[Optional] Wellbeing Wednesdays - 0006-UG";"0006-UG";"Week 8, Semester 1";"Wed";"2024-11-20";"11:00";"Wed";"2024-11-20";"12:00";"1:00";"Q&A Session";"Sheehan, Tessa (Mrs), Taylor, Kate (Miss)";"";"";"Computer Science";"923";"No";"[Optional] Wellbeing Wednesdays";"Student support drop-in located in The Pod (CSE/080)";"";"No";"0006-UG";"";"";"No";"No";""
"ENG1 Practical - Cohort 2 - COM00019I-A";"COM00019I";"Week 8, Semester 1";"Thu";"2024-11-21";"09:30";"Thu";"2024-11-21";"11:30";"2:00";"Practical";"Barmpis, Kostas (Dr), Sujan, Mark (Prof), Yuan, Tommy (Dr)";"CSE/270 Software Lab (UG), Campus East - Computer Science Building (Ian Wand Building)";"";"Computer Science";"69";"No";"ENG1 Practical - Cohort 2";"";"";"No";"Engineering 1: Software & Systems Engineering";"";"";"No";"No";""
"THE3 Practical Group 1 - COM00027I-A";"COM00027I";"Week 8, Semester 1";"Thu";"2024-11-21";"10:30";"Thu";"2024-11-21";"11:30";"1:00";"Practical";"Foster, Simon (Dr)";"CSE/069X Software Lab (UG), Campus East - Computer Science Building (Ian Wand Building)";"";"Computer Science";"50";"No";"THE3 Practical Group 1";"";"";"No";"Theory 3: Computability, Complexity & Logic";"";"";"No";"No";""
"THE3 Practical Group 4 - COM00027I-A";"COM00027I";"Week 8, Semester 1";"Thu";"2024-11-21";"11:30";"Thu";"2024-11-21";"12:30";"1:00";"Practical";"Foster, Simon (Dr)";"CSE/069X Software Lab (UG), Campus East - Computer Science Building (Ian Wand Building)";"";"Computer Science";"52";"No";"THE3 Practical Group 4";"";"";"No";"Theory 3: Computability, Complexity & Logic";"";"";"No";"No";""
"THE3 Problem Class Group Seminar 3 - COM00027I-A";"COM00027I";"Week 8, Semester 1";"Thu";"2024-11-21";"12:30";"Thu";"2024-11-21";"13:30";"1:00";"Seminar";"Foster, Simon (Dr)";"CSE/082X Flat Lecture, Campus East - Computer Science Building (Ian Wand Building)";"";"Computer Science";"52";"No";"THE3 Problem Class Group Seminar 3";"";"";"No";"Theory 3: Computability, Complexity & Logic";"";"";"No";"No";""
"SYS2 Lecture One (Networks) - COM00029I-A";"COM00029I";"Week 8, Semester 1";"Thu";"2024-11-21";"15:30";"Thu";"2024-11-21";"16:30";"1:00";"Lecture";"Freeman, Mike (Dr), Soboczenski, Frank (Dr)";"PZA/103 Lecture Theatre, Campus East - Piazza Building";"";"Computer Science";"187";"No";"SYS2 Lecture One (Networks)";"";"";"No";"Systems & Devices 2: Operating Systems, Security, and Networking";"";"";"No";"No";""
"ENG1 Practical - Cohort 1 - COM00019I-A";"COM00019I";"Week 8, Semester 1";"Thu";"2024-11-21";"16:30";"Thu";"2024-11-21";"18:30";"2:00";"Practical";"Barmpis, Kostas (Dr), Sujan, Mark (Prof), Yuan, Tommy (Dr)";"CSE/069X Software Lab (UG), Campus East - Computer Science Building (Ian Wand Building)";"";"Computer Science";"69";"No";"ENG1 Practical - Cohort 1";"";"";"No";"Engineering 1: Software & Systems Engineering";"";"";"No";"No";""
"THE3 Practical Group 3 - COM00027I-A";"COM00027I";"Week 8, Semester 1";"Fri";"2024-11-22";"09:30";"Fri";"2024-11-22";"10:30";"1:00";"Practical";"Foster, Simon (Dr)";"CSE/069X Software Lab (UG), Campus East - Computer Science Building (Ian Wand Building)";"";"Computer Science";"52";"No";"THE3 Practical Group 3";"";"";"No";"Theory 3: Computability, Complexity & Logic";"";"";"No";"No";""
"ENG1 Practical - Cohort 3 - COM00019I-A";"COM00019I";"Week 8, Semester 1";"Fri";"2024-11-22";"11:30";"Fri";"2024-11-22";"13:30";"2:00";"Practical";"Barmpis, Kostas (Dr), Sujan, Mark (Prof), Yuan, Tommy (Dr)";"CSE/069X Software Lab (UG), Campus East - Computer Science Building (Ian Wand Building)";"";"Computer Science";"69";"No";"ENG1 Practical - Cohort 3";"";"";"No";"Engineering 1: Software & Systems Engineering";"";"";"No";"No";""
"THE3 Problem Class Group Seminar 2 - COM00027I-A";"COM00027I";"Week 8, Semester 1";"Fri";"2024-11-22";"14:30";"Fri";"2024-11-22";"15:30";"1:00";"Seminar";"Foster, Simon (Dr)";"CSE/082X Flat Lecture, Campus East - Computer Science Building (Ian Wand Building)";"";"Computer Science";"52";"No";"THE3 Problem Class Group Seminar 2";"";"";"No";"Theory 3: Computability, Complexity & Logic";"";"";"No";"No";""
"THE3 Practical Group 2 - COM00027I-A";"COM00027I";"Week 8, Semester 1";"Fri";"2024-11-22";"15:30";"Fri";"2024-11-22";"16:30";"1:00";"Practical";"Foster, Simon (Dr)";"CSE/069X Software Lab (UG), Campus East - Computer Science Building (Ian Wand Building)";"";"Computer Science";"52";"No";"THE3 Practical Group 2";"";"";"No";"Theory 3: Computability, Complexity & Logic";"";"";"No";"No";""
"SYS2 Practical (Networks) Group 1 - COM00029I-A";"COM00029I";"Week 9, Semester 1";"Mon";"2024-11-25";"09:30";"Mon";"2024-11-25";"11:30";"2:00";"Practical";"Freeman, Mike (Dr), Soboczenski, Frank (Dr)";"CSE/168X Hardware Lab, Campus East - Computer Science Building (Ian Wand Building)";"";"Computer Science";"62";"No";"SYS2 Practical (Networks) Group 1";"";"";"No";"Systems & Devices 2: Operating Systems, Security, and Networking";"";"";"No";"No";""
"SYS2 Lecture Review (OS) - COM00029I-A";"COM00029I";"Week 9, Semester 1";"Mon";"2024-11-25";"11:30";"Mon";"2024-11-25";"12:30";"1:00";"Lecture";"Yadav, Poonam (Dr)";"RCH/037 Lecture Theatre, Campus East - Ron Cooke Hub";"";"Computer Science";"187";"No";"SYS2 Lecture Review (OS)";"";"";"No";"Systems & Devices 2: Operating Systems, Security, and Networking";"";"";"No";"No";""
"ENG1 Group meeting - COM00019I-A";"COM00019I";"Week 9, Semester 1";"Mon";"2024-11-25";"13:30";"Mon";"2024-11-25";"15:30";"2:00";"Cohort Activity";"";"";"";"Computer Science";"206";"No";"ENG1 Group meeting";"";"";"No";"Engineering 1: Software & Systems Engineering";"";"";"No";"No";""
"THE3 Lecture 1 - COM00027I-A";"COM00027I";"Week 9, Semester 1";"Mon";"2024-11-25";"15:30";"Mon";"2024-11-25";"16:30";"1:00";"Lecture";"Foster, Simon (Dr)";"PZA/103 Lecture Theatre, Campus East - Piazza Building";"";"Computer Science";"206";"No";"THE3 Lecture 1";"";"";"No";"Theory 3: Computability, Complexity & Logic";"";"";"No";"No";""
"THE3 Lecture 2 - COM00027I-A";"COM00027I";"Week 9, Semester 1";"Tue";"2024-11-26";"09:30";"Tue";"2024-11-26";"10:30";"1:00";"Lecture";"Foster, Simon (Dr)";"RCH/037 Lecture Theatre, Campus East - Ron Cooke Hub";"";"Computer Science";"206";"No";"THE3 Lecture 2";"";"";"No";"Theory 3: Computability, Complexity & Logic";"";"";"No";"No";""
"ENG1 Lecture Review - COM00019I-A";"COM00019I";"Week 9, Semester 1";"Tue";"2024-11-26";"10:30";"Tue";"2024-11-26";"11:30";"1:00";"Lecture";"Barmpis, Kostas (Dr), Sujan, Mark (Prof), Yuan, Tommy (Dr)";"RCH/037 Lecture Theatre, Campus East - Ron Cooke Hub";"";"Computer Science";"206";"No";"ENG1 Lecture Review";"";"";"No";"Engineering 1: Software & Systems Engineering";"";"";"No";"No";""
"SYS2 Practical (OS) Group 1 - COM00029I-A";"COM00029I";"Week 9, Semester 1";"Tue";"2024-11-26";"11:30";"Tue";"2024-11-26";"12:30";"1:00";"Practical";"Yadav, Poonam (Dr)";"CSE/069X Software Lab (UG), Campus East - Computer Science Building (Ian Wand Building)";"";"Computer Science";"62";"No";"SYS2 Practical (OS) Group 1";"";"";"No";"Systems & Devices 2: Operating Systems, Security, and Networking";"";"";"No";"No";""
"SYS2 Practical (Networks) Group 2 - COM00029I-A";"COM00029I";"Week 9, Semester 1";"Tue";"2024-11-26";"11:30";"Tue";"2024-11-26";"13:30";"2:00";"Practical";"Freeman, Mike (Dr), Soboczenski, Frank (Dr)";"CSE/168X Hardware Lab, Campus East - Computer Science Building (Ian Wand Building)";"";"Computer Science";"63";"No";"SYS2 Practical (Networks) Group 2";"";"";"No";"Systems & Devices 2: Operating Systems, Security, and Networking";"";"";"No";"No";""
"SYS2 Practical (OS) Group 3 - COM00029I-A";"COM00029I";"Week 9, Semester 1";"Tue";"2024-11-26";"12:30";"Tue";"2024-11-26";"13:30";"1:00";"Practical";"Yadav, Poonam (Dr)";"CSE/069X Software Lab (UG), Campus East - Computer Science Building (Ian Wand Building)";"";"Computer Science";"62";"No";"SYS2 Practical (OS) Group 3";"";"";"No";"Systems & Devices 2: Operating Systems, Security, and Networking";"";"";"No";"No";""
"THE3 Problem Class Group Seminar 4 - COM00027I-A";"COM00027I";"Week 9, Semester 1";"Tue";"2024-11-26";"14:30";"Tue";"2024-11-26";"15:30";"1:00";"Seminar";"Foster, Simon (Dr)";"CSE/082X Flat Lecture, Campus East - Computer Science Building (Ian Wand Building)";"";"Computer Science";"52";"No";"THE3 Problem Class Group Seminar 4";"";"";"No";"Theory 3: Computability, Complexity & Logic";"";"";"No";"No";""
"THE3 Problem Class Group Seminar 1 - COM00027I-A";"COM00027I";"Week 9, Semester 1";"Tue";"2024-11-26";"15:30";"Tue";"2024-11-26";"16:30";"1:00";"Seminar";"Foster, Simon (Dr)";"CSE/082X Flat Lecture, Campus East - Computer Science Building (Ian Wand Building)";"";"Computer Science";"50";"No";"THE3 Problem Class Group Seminar 1";"";"";"No";"Theory 3: Computability, Complexity & Logic";"";"";"No";"No";""
"SYS2 Practical (OS) Group 2 - COM00029I-A";"COM00029I";"Week 9, Semester 1";"Tue";"2024-11-26";"15:30";"Tue";"2024-11-26";"16:30";"1:00";"Practical";"Yadav, Poonam (Dr)";"CSE/069X Software Lab (UG), Campus East - Computer Science Building (Ian Wand Building)";"";"Computer Science";"63";"No";"SYS2 Practical (OS) Group 2";"";"";"No";"Systems & Devices 2: Operating Systems, Security, and Networking";"";"";"No";"No";""
"SYS2 Practical (Networks) Group 3 - COM00029I-A";"COM00029I";"Week 9, Semester 1";"Tue";"2024-11-26";"15:30";"Tue";"2024-11-26";"17:30";"2:00";"Practical";"Freeman, Mike (Dr), Soboczenski, Frank (Dr)";"CSE/168X Hardware Lab, Campus East - Computer Science Building (Ian Wand Building)";"";"Computer Science";"62";"No";"SYS2 Practical (Networks) Group 3";"";"";"No";"Systems & Devices 2: Operating Systems, Security, and Networking";"";"";"No";"No";""
"[Optional] Wellbeing Wednesdays - 0006-UG";"0006-UG";"Week 9, Semester 1";"Wed";"2024-11-27";"11:00";"Wed";"2024-11-27";"12:00";"1:00";"Q&A Session";"Sheehan, Tessa (Mrs), Taylor, Kate (Miss)";"";"";"Computer Science";"923";"No";"[Optional] Wellbeing Wednesdays";"Student support drop-in located in The Pod (CSE/080)";"";"No";"0006-UG";"";"";"No";"No";""
"ENG1 Practical - Cohort 2 - COM00019I-A";"COM00019I";"Week 9, Semester 1";"Thu";"2024-11-28";"09:30";"Thu";"2024-11-28";"11:30";"2:00";"Practical";"Barmpis, Kostas (Dr), Sujan, Mark (Prof), Yuan, Tommy (Dr)";"CSE/270 Software Lab (UG), Campus East - Computer Science Building (Ian Wand Building)";"";"Computer Science";"69";"No";"ENG1 Practical - Cohort 2";"";"";"No";"Engineering 1: Software & Systems Engineering";"";"";"No";"No";""
"THE3 Practical Group 1 - COM00027I-A";"COM00027I";"Week 9, Semester 1";"Thu";"2024-11-28";"10:30";"Thu";"2024-11-28";"11:30";"1:00";"Practical";"Foster, Simon (Dr)";"CSE/069X Software Lab (UG), Campus East - Computer Science Building (Ian Wand Building)";"";"Computer Science";"50";"No";"THE3 Practical Group 1";"";"";"No";"Theory 3: Computability, Complexity & Logic";"";"";"No";"No";""
"THE3 Practical Group 4 - COM00027I-A";"COM00027I";"Week 9, Semester 1";"Thu";"2024-11-28";"11:30";"Thu";"2024-11-28";"12:30";"1:00";"Practical";"Foster, Simon (Dr)";"CSE/069X Software Lab (UG), Campus East - Computer Science Building (Ian Wand Building)";"";"Computer Science";"52";"No";"THE3 Practical Group 4";"";"";"No";"Theory 3: Computability, Complexity & Logic";"";"";"No";"No";""
"THE3 Problem Class Group Seminar 3 - COM00027I-A";"COM00027I";"Week 9, Semester 1";"Thu";"2024-11-28";"12:30";"Thu";"2024-11-28";"13:30";"1:00";"Seminar";"Foster, Simon (Dr)";"CSE/082X Flat Lecture, Campus East - Computer Science Building (Ian Wand Building)";"";"Computer Science";"52";"No";"THE3 Problem Class Group Seminar 3";"";"";"No";"Theory 3: Computability, Complexity & Logic";"";"";"No";"No";""
"SYS2 Lecture One (Networks) - COM00029I-A";"COM00029I";"Week 9, Semester 1";"Thu";"2024-11-28";"15:30";"Thu";"2024-11-28";"16:30";"1:00";"Lecture";"Freeman, Mike (Dr), Soboczenski, Frank (Dr)";"PZA/103 Lecture Theatre, Campus East - Piazza Building";"";"Computer Science";"187";"No";"SYS2 Lecture One (Networks)";"";"";"No";"Systems & Devices 2: Operating Systems, Security, and Networking";"";"";"No";"No";""
"ENG1 Practical - Cohort 1 - COM00019I-A";"COM00019I";"Week 9, Semester 1";"Thu";"2024-11-28";"16:30";"Thu";"2024-11-28";"18:30";"2:00";"Practical";"Barmpis, Kostas (Dr), Sujan, Mark (Prof), Yuan, Tommy (Dr)";"CSE/069X Software Lab (UG), Campus East - Computer Science Building (Ian Wand Building)";"";"Computer Science";"69";"No";"ENG1 Practical - Cohort 1";"";"";"No";"Engineering 1: Software & Systems Engineering";"";"";"No";"No";""
"THE3 Practical Group 3 - COM00027I-A";"COM00027I";"Week 9, Semester 1";"Fri";"2024-11-29";"09:30";"Fri";"2024-11-29";"10:30";"1:00";"Practical";"Foster, Simon (Dr)";"CSE/069X Software Lab (UG), Campus East - Computer Science Building (Ian Wand Building)";"";"Computer Science";"52";"No";"THE3 Practical Group 3";"";"";"No";"Theory 3: Computability, Complexity & Logic";"";"";"No";"No";""
"ENG1 Practical - Cohort 3 - COM00019I-A";"COM00019I";"Week 9, Semester 1";"Fri";"2024-11-29";"11:30";"Fri";"2024-11-29";"13:30";"2:00";"Practical";"Barmpis, Kostas (Dr), Sujan, Mark (Prof), Yuan, Tommy (Dr)";"CSE/069X Software Lab (UG), Campus East - Computer Science Building (Ian Wand Building)";"";"Computer Science";"69";"No";"ENG1 Practical - Cohort 3";"";"";"No";"Engineering 1: Software & Systems Engineering";"";"";"No";"No";""
"THE3 Problem Class Group Seminar 2 - COM00027I-A";"COM00027I";"Week 9, Semester 1";"Fri";"2024-11-29";"14:30";"Fri";"2024-11-29";"15:30";"1:00";"Seminar";"Foster, Simon (Dr)";"CSE/082X Flat Lecture, Campus East - Computer Science Building (Ian Wand Building)";"";"Computer Science";"52";"No";"THE3 Problem Class Group Seminar 2";"";"";"No";"Theory 3: Computability, Complexity & Logic";"";"";"No";"No";""
"THE3 Practical Group 2 - COM00027I-A";"COM00027I";"Week 9, Semester 1";"Fri";"2024-11-29";"15:30";"Fri";"2024-11-29";"16:30";"1:00";"Practical";"Foster, Simon (Dr)";"CSE/069X Software Lab (UG), Campus East - Computer Science Building (Ian Wand Building)";"";"Computer Science";"52";"No";"THE3 Practical Group 2";"";"";"No";"Theory 3: Computability, Complexity & Logic";"";"";"No";"No";""
"SYS2 Practical (Networks) Group 1 - COM00029I-A";"COM00029I";"Week 10, Semester 1";"Mon";"2024-12-02";"09:30";"Mon";"2024-12-02";"11:30";"2:00";"Practical";"Freeman, Mike (Dr), Soboczenski, Frank (Dr)";"CSE/168X Hardware Lab, Campus East - Computer Science Building (Ian Wand Building)";"";"Computer Science";"62";"No";"SYS2 Practical (Networks) Group 1";"";"";"No";"Systems & Devices 2: Operating Systems, Security, and Networking";"";"";"No";"No";""
"SYS2 Lecture Review (OS) - COM00029I-A";"COM00029I";"Week 10, Semester 1";"Mon";"2024-12-02";"11:30";"Mon";"2024-12-02";"12:30";"1:00";"Lecture";"Yadav, Poonam (Dr)";"RCH/037 Lecture Theatre, Campus East - Ron Cooke Hub";"";"Computer Science";"187";"No";"SYS2 Lecture Review (OS)";"";"";"No";"Systems & Devices 2: Operating Systems, Security, and Networking";"";"";"No";"No";""
"ENG1 Group meeting - COM00019I-A";"COM00019I";"Week 10, Semester 1";"Mon";"2024-12-02";"13:30";"Mon";"2024-12-02";"15:30";"2:00";"Cohort Activity";"";"";"";"Computer Science";"206";"No";"ENG1 Group meeting";"";"";"No";"Engineering 1: Software & Systems Engineering";"";"";"No";"No";""
"THE3 Lecture 1 - COM00027I-A";"COM00027I";"Week 10, Semester 1";"Mon";"2024-12-02";"15:30";"Mon";"2024-12-02";"16:30";"1:00";"Lecture";"Foster, Simon (Dr)";"PZA/103 Lecture Theatre, Campus East - Piazza Building";"";"Computer Science";"206";"No";"THE3 Lecture 1";"";"";"No";"Theory 3: Computability, Complexity & Logic";"";"";"No";"No";""
"THE3 Lecture 2 - COM00027I-A";"COM00027I";"Week 10, Semester 1";"Tue";"2024-12-03";"09:30";"Tue";"2024-12-03";"10:30";"1:00";"Lecture";"Foster, Simon (Dr)";"RCH/037 Lecture Theatre, Campus East - Ron Cooke Hub";"";"Computer Science";"206";"No";"THE3 Lecture 2";"";"";"No";"Theory 3: Computability, Complexity & Logic";"";"";"No";"No";""
"ENG1 Lecture Review - COM00019I-A";"COM00019I";"Week 10, Semester 1";"Tue";"2024-12-03";"10:30";"Tue";"2024-12-03";"11:30";"1:00";"Lecture";"Barmpis, Kostas (Dr), Sujan, Mark (Prof), Yuan, Tommy (Dr)";"RCH/037 Lecture Theatre, Campus East - Ron Cooke Hub";"";"Computer Science";"206";"No";"ENG1 Lecture Review";"";"";"No";"Engineering 1: Software & Systems Engineering";"";"";"No";"No";""
"SYS2 Practical (OS) Group 1 - COM00029I-A";"COM00029I";"Week 10, Semester 1";"Tue";"2024-12-03";"11:30";"Tue";"2024-12-03";"12:30";"1:00";"Practical";"Yadav, Poonam (Dr)";"CSE/069X Software Lab (UG), Campus East - Computer Science Building (Ian Wand Building)";"";"Computer Science";"62";"No";"SYS2 Practical (OS) Group 1";"";"";"No";"Systems & Devices 2: Operating Systems, Security, and Networking";"";"";"No";"No";""
"SYS2 Practical (Networks) Group 2 - COM00029I-A";"COM00029I";"Week 10, Semester 1";"Tue";"2024-12-03";"11:30";"Tue";"2024-12-03";"13:30";"2:00";"Practical";"Freeman, Mike (Dr), Soboczenski, Frank (Dr)";"CSE/168X Hardware Lab, Campus East - Computer Science Building (Ian Wand Building)";"";"Computer Science";"63";"No";"SYS2 Practical (Networks) Group 2";"";"";"No";"Systems & Devices 2: Operating Systems, Security, and Networking";"";"";"No";"No";""
"SYS2 Practical (OS) Group 3 - COM00029I-A";"COM00029I";"Week 10, Semester 1";"Tue";"2024-12-03";"12:30";"Tue";"2024-12-03";"13:30";"1:00";"Practical";"Yadav, Poonam (Dr)";"CSE/069X Software Lab (UG), Campus East - Computer Science Building (Ian Wand Building)";"";"Computer Science";"62";"No";"SYS2 Practical (OS) Group 3";"";"";"No";"Systems & Devices 2: Operating Systems, Security, and Networking";"";"";"No";"No";""
"THE3 Problem Class Group Seminar 4 - COM00027I-A";"COM00027I";"Week 10, Semester 1";"Tue";"2024-12-03";"14:30";"Tue";"2024-12-03";"15:30";"1:00";"Seminar";"Foster, Simon (Dr)";"CSE/082X Flat Lecture, Campus East - Computer Science Building (Ian Wand Building)";"";"Computer Science";"52";"No";"THE3 Problem Class Group Seminar 4";"";"";"No";"Theory 3: Computability, Complexity & Logic";"";"";"No";"No";""
"THE3 Problem Class Group Seminar 1 - COM00027I-A";"COM00027I";"Week 10, Semester 1";"Tue";"2024-12-03";"15:30";"Tue";"2024-12-03";"16:30";"1:00";"Seminar";"Foster, Simon (Dr)";"CSE/082X Flat Lecture, Campus East - Computer Science Building (Ian Wand Building)";"";"Computer Science";"50";"No";"THE3 Problem Class Group Seminar 1";"";"";"No";"Theory 3: Computability, Complexity & Logic";"";"";"No";"No";""
"SYS2 Practical (OS) Group 2 - COM00029I-A";"COM00029I";"Week 10, Semester 1";"Tue";"2024-12-03";"15:30";"Tue";"2024-12-03";"16:30";"1:00";"Practical";"Yadav, Poonam (Dr)";"CSE/069X Software Lab (UG), Campus East - Computer Science Building (Ian Wand Building)";"";"Computer Science";"63";"No";"SYS2 Practical (OS) Group 2";"";"";"No";"Systems & Devices 2: Operating Systems, Security, and Networking";"";"";"No";"No";""
"SYS2 Practical (Networks) Group 3 - COM00029I-A";"COM00029I";"Week 10, Semester 1";"Tue";"2024-12-03";"15:30";"Tue";"2024-12-03";"17:30";"2:00";"Practical";"Freeman, Mike (Dr), Soboczenski, Frank (Dr)";"CSE/168X Hardware Lab, Campus East - Computer Science Building (Ian Wand Building)";"";"Computer Science";"62";"No";"SYS2 Practical (Networks) Group 3";"";"";"No";"Systems & Devices 2: Operating Systems, Security, and Networking";"";"";"No";"No";""
"[Optional] Wellbeing Wednesdays - 0006-UG";"0006-UG";"Week 10, Semester 1";"Wed";"2024-12-04";"11:00";"Wed";"2024-12-04";"12:00";"1:00";"Q&A Session";"Sheehan, Tessa (Mrs), Taylor, Kate (Miss)";"";"";"Computer Science";"923";"No";"[Optional] Wellbeing Wednesdays";"Student support drop-in located in The Pod (CSE/080)";"";"No";"0006-UG";"";"";"No";"No";""
"ENG1 Practical - Cohort 2 - COM00019I-A";"COM00019I";"Week 10, Semester 1";"Thu";"2024-12-05";"09:30";"Thu";"2024-12-05";"11:30";"2:00";"Practical";"Barmpis, Kostas (Dr), Sujan, Mark (Prof), Yuan, Tommy (Dr)";"CSE/270 Software Lab (UG), Campus East - Computer Science Building (Ian Wand Building)";"";"Computer Science";"69";"No";"ENG1 Practical - Cohort 2";"";"";"No";"Engineering 1: Software & Systems Engineering";"";"";"No";"No";""
"THE3 Formatives Test Two Group 1 - COM00027I-A";"COM00027I";"Week 10, Semester 1";"Thu";"2024-12-05";"10:30";"Thu";"2024-12-05";"11:30";"1:00";"Assessment";"Foster, Simon (Dr)";"CSE/069X Software Lab (UG), Campus East - Computer Science Building (Ian Wand Building)";"";"Computer Science";"50";"No";"THE3 Formatives Test Two Group 1";"";"";"No";"Theory 3: Computability, Complexity & Logic";"";"";"No";"No";""
"THE3 Formatives Test Two Group 4 - COM00027I-A";"COM00027I";"Week 10, Semester 1";"Thu";"2024-12-05";"11:30";"Thu";"2024-12-05";"12:30";"1:00";"Assessment";"Foster, Simon (Dr)";"CSE/069X Software Lab (UG), Campus East - Computer Science Building (Ian Wand Building)";"";"Computer Science";"52";"No";"THE3 Formatives Test Two Group 4";"";"";"No";"Theory 3: Computability, Complexity & Logic";"";"";"No";"No";""
"THE3 Problem Class Group Seminar 3 - COM00027I-A";"COM00027I";"Week 10, Semester 1";"Thu";"2024-12-05";"12:30";"Thu";"2024-12-05";"13:30";"1:00";"Seminar";"Foster, Simon (Dr)";"CSE/082X Flat Lecture, Campus East - Computer Science Building (Ian Wand Building)";"";"Computer Science";"52";"No";"THE3 Problem Class Group Seminar 3";"";"";"No";"Theory 3: Computability, Complexity & Logic";"";"";"No";"No";""
"SYS2 Lecture One (Networks) - COM00029I-A";"COM00029I";"Week 10, Semester 1";"Thu";"2024-12-05";"15:30";"Thu";"2024-12-05";"16:30";"1:00";"Lecture";"Freeman, Mike (Dr), Soboczenski, Frank (Dr)";"PZA/103 Lecture Theatre, Campus East - Piazza Building";"";"Computer Science";"187";"No";"SYS2 Lecture One (Networks)";"";"";"No";"Systems & Devices 2: Operating Systems, Security, and Networking";"";"";"No";"No";""
"ENG1 Practical - Cohort 1 - COM00019I-A";"COM00019I";"Week 10, Semester 1";"Thu";"2024-12-05";"16:30";"Thu";"2024-12-05";"18:30";"2:00";"Practical";"Barmpis, Kostas (Dr), Sujan, Mark (Prof), Yuan, Tommy (Dr)";"CSE/069X Software Lab (UG), Campus East - Computer Science Building (Ian Wand Building)";"";"Computer Science";"69";"No";"ENG1 Practical - Cohort 1";"";"";"No";"Engineering 1: Software & Systems Engineering";"";"";"No";"No";""
"THE3 Formatives Test Two Group 3 - COM00027I-A";"COM00027I";"Week 10, Semester 1";"Fri";"2024-12-06";"09:30";"Fri";"2024-12-06";"10:30";"1:00";"Assessment";"Foster, Simon (Dr)";"CSE/069X Software Lab (UG), Campus East - Computer Science Building (Ian Wand Building)";"";"Computer Science";"52";"No";"THE3 Formatives Test Two Group 3";"";"";"No";"Theory 3: Computability, Complexity & Logic";"";"";"No";"No";""
"ENG1 Practical - Cohort 3 - COM00019I-A";"COM00019I";"Week 10, Semester 1";"Fri";"2024-12-06";"11:30";"Fri";"2024-12-06";"13:30";"2:00";"Practical";"Barmpis, Kostas (Dr), Sujan, Mark (Prof), Yuan, Tommy (Dr)";"CSE/069X Software Lab (UG), Campus East - Computer Science Building (Ian Wand Building)";"";"Computer Science";"69";"No";"ENG1 Practical - Cohort 3";"";"";"No";"Engineering 1: Software & Systems Engineering";"";"";"No";"No";""
"THE3 Problem Class Group Seminar 2 - COM00027I-A";"COM00027I";"Week 10, Semester 1";"Fri";"2024-12-06";"14:30";"Fri";"2024-12-06";"15:30";"1:00";"Seminar";"Foster, Simon (Dr)";"CSE/082X Flat Lecture, Campus East - Computer Science Building (Ian Wand Building)";"";"Computer Science";"52";"No";"THE3 Problem Class Group Seminar 2";"";"";"No";"Theory 3: Computability, Complexity & Logic";"";"";"No";"No";""
"THE3 Formatives Test Two Group 2 - COM00027I-A";"COM00027I";"Week 10, Semester 1";"Fri";"2024-12-06";"15:30";"Fri";"2024-12-06";"16:30";"1:00";"Assessment";"Foster, Simon (Dr)";"CSE/069X Software Lab (UG), Campus East - Computer Science Building (Ian Wand Building)";"";"Computer Science";"52";"No";"THE3 Formatives Test Two Group 2";"";"";"No";"Theory 3: Computability, Complexity & Logic";"";"";"No";"No";""
"SYS2 Practical (Networks) Group 1 - COM00029I-A";"COM00029I";"Week 11, Semester 1";"Mon";"2024-12-09";"09:30";"Mon";"2024-12-09";"11:30";"2:00";"Practical";"Freeman, Mike (Dr), Soboczenski, Frank (Dr)";"CSE/168X Hardware Lab, Campus East - Computer Science Building (Ian Wand Building)";"";"Computer Science";"62";"No";"SYS2 Practical (Networks) Group 1";"";"";"No";"Systems & Devices 2: Operating Systems, Security, and Networking";"";"";"No";"No";""
"SYS2 Lecture Review (OS) - COM00029I-A";"COM00029I";"Week 11, Semester 1";"Mon";"2024-12-09";"11:30";"Mon";"2024-12-09";"12:30";"1:00";"Lecture";"Yadav, Poonam (Dr)";"RCH/037 Lecture Theatre, Campus East - Ron Cooke Hub";"";"Computer Science";"187";"No";"SYS2 Lecture Review (OS)";"";"";"No";"Systems & Devices 2: Operating Systems, Security, and Networking";"";"";"No";"No";""
"ENG1 Group meeting - COM00019I-A";"COM00019I";"Week 11, Semester 1";"Mon";"2024-12-09";"13:30";"Mon";"2024-12-09";"15:30";"2:00";"Cohort Activity";"";"";"";"Computer Science";"206";"No";"ENG1 Group meeting";"";"";"No";"Engineering 1: Software & Systems Engineering";"";"";"No";"No";""
"THE3 Lecture 1 - COM00027I-A";"COM00027I";"Week 11, Semester 1";"Mon";"2024-12-09";"15:30";"Mon";"2024-12-09";"16:30";"1:00";"Lecture";"Foster, Simon (Dr)";"PZA/103 Lecture Theatre, Campus East - Piazza Building";"";"Computer Science";"206";"No";"THE3 Lecture 1";"";"";"No";"Theory 3: Computability, Complexity & Logic";"";"";"No";"No";""
"THE3 Lecture 2 - COM00027I-A";"COM00027I";"Week 11, Semester 1";"Tue";"2024-12-10";"09:30";"Tue";"2024-12-10";"10:30";"1:00";"Lecture";"Foster, Simon (Dr)";"RCH/037 Lecture Theatre, Campus East - Ron Cooke Hub";"";"Computer Science";"206";"No";"THE3 Lecture 2";"";"";"No";"Theory 3: Computability, Complexity & Logic";"";"";"No";"No";""
"ENG1 Lecture Review - COM00019I-A";"COM00019I";"Week 11, Semester 1";"Tue";"2024-12-10";"10:30";"Tue";"2024-12-10";"11:30";"1:00";"Lecture";"Barmpis, Kostas (Dr), Sujan, Mark (Prof), Yuan, Tommy (Dr)";"RCH/037 Lecture Theatre, Campus East - Ron Cooke Hub";"";"Computer Science";"206";"No";"ENG1 Lecture Review";"";"";"No";"Engineering 1: Software & Systems Engineering";"";"";"No";"No";""
"SYS2 Practical (Networks) Group 2 - COM00029I-A";"COM00029I";"Week 11, Semester 1";"Tue";"2024-12-10";"11:30";"Tue";"2024-12-10";"13:30";"2:00";"Practical";"Freeman, Mike (Dr), Soboczenski, Frank (Dr)";"CSE/168X Hardware Lab, Campus East - Computer Science Building (Ian Wand Building)";"";"Computer Science";"63";"No";"SYS2 Practical (Networks) Group 2";"";"";"No";"Systems & Devices 2: Operating Systems, Security, and Networking";"";"";"No";"No";""
"SYS2 Practical (Networks) Group 3 - COM00029I-A";"COM00029I";"Week 11, Semester 1";"Tue";"2024-12-10";"15:30";"Tue";"2024-12-10";"17:30";"2:00";"Practical";"Freeman, Mike (Dr), Soboczenski, Frank (Dr)";"CSE/168X Hardware Lab, Campus East - Computer Science Building (Ian Wand Building)";"";"Computer Science";"62";"No";"SYS2 Practical (Networks) Group 3";"";"";"No";"Systems & Devices 2: Operating Systems, Security, and Networking";"";"";"No";"No";""
"[Optional] Wellbeing Wednesdays - 0006-UG";"0006-UG";"Week 11, Semester 1";"Wed";"2024-12-11";"11:00";"Wed";"2024-12-11";"12:00";"1:00";"Q&A Session";"Sheehan, Tessa (Mrs), Taylor, Kate (Miss)";"";"";"Computer Science";"923";"No";"[Optional] Wellbeing Wednesdays";"Student support drop-in located in The Pod (CSE/080)";"";"No";"0006-UG";"";"";"No";"No";""
"ENG1 Practical - Cohort 2 - COM00019I-A";"COM00019I";"Week 11, Semester 1";"Thu";"2024-12-12";"09:30";"Thu";"2024-12-12";"11:30";"2:00";"Practical";"Barmpis, Kostas (Dr), Sujan, Mark (Prof), Yuan, Tommy (Dr)";"CSE/270 Software Lab (UG), Campus East - Computer Science Building (Ian Wand Building)";"";"Computer Science";"69";"No";"ENG1 Practical - Cohort 2";"";"";"No";"Engineering 1: Software & Systems Engineering";"";"";"No";"No";""
"THE3 Practical Group 1 - COM00027I-A";"COM00027I";"Week 11, Semester 1";"Thu";"2024-12-12";"10:30";"Thu";"2024-12-12";"11:30";"1:00";"Practical";"Foster, Simon (Dr)";"CSE/069X Software Lab (UG), Campus East - Computer Science Building (Ian Wand Building)";"";"Computer Science";"103";"No";"THE3 Practical Group 1";"Optional drop in session";"";"No";"Theory 3: Computability, Complexity & Logic";"";"";"No";"No";""
"SYS2 Lecture One (Networks) - COM00029I-A";"COM00029I";"Week 11, Semester 1";"Thu";"2024-12-12";"15:30";"Thu";"2024-12-12";"16:30";"1:00";"Lecture";"Freeman, Mike (Dr), Soboczenski, Frank (Dr)";"PZA/103 Lecture Theatre, Campus East - Piazza Building";"";"Computer Science";"187";"No";"SYS2 Lecture One (Networks)";"";"";"No";"Systems & Devices 2: Operating Systems, Security, and Networking";"";"";"No";"No";""
"ENG1 Practical - Cohort 1 - COM00019I-A";"COM00019I";"Week 11, Semester 1";"Thu";"2024-12-12";"16:30";"Thu";"2024-12-12";"18:30";"2:00";"Practical";"Barmpis, Kostas (Dr), Sujan, Mark (Prof), Yuan, Tommy (Dr)";"CSE/069X Software Lab (UG), Campus East - Computer Science Building (Ian Wand Building)";"";"Computer Science";"69";"No";"ENG1 Practical - Cohort 1";"";"";"No";"Engineering 1: Software & Systems Engineering";"";"";"No";"No";""
"THE3 Practical Group 2 - COM00027I-A";"COM00027I";"Week 11, Semester 1";"Fri";"2024-12-13";"09:30";"Fri";"2024-12-13";"10:30";"1:00";"Practical";"Foster, Simon (Dr)";"CSE/069X Software Lab (UG), Campus East - Computer Science Building (Ian Wand Building)";"";"Computer Science";"103";"No";"THE3 Practical Group 2";"Optional drop in session";"";"No";"Theory 3: Computability, Complexity & Logic";"";"";"No";"No";""
"ENG1 Practical - Cohort 3 - COM00019I-A";"COM00019I";"Week 11, Semester 1";"Fri";"2024-12-13";"11:30";"Fri";"2024-12-13";"13:30";"2:00";"Practical";"Barmpis, Kostas (Dr), Sujan, Mark (Prof), Yuan, Tommy (Dr)";"CSE/069X Software Lab (UG), Campus East - Computer Science Building (Ian Wand Building)";"";"Computer Science";"69";"No";"ENG1 Practical - Cohort 3";"";"";"No";"Engineering 1: Software & Systems Engineering";"";"";"No";"No";""
